StudentID,Age,Gender,Ethnicity,ParentalEducation,StudyTimeWeekly,Absences,Tutoring,ParentalSupport,Extracurricular,Sports,Music,Volunteering
1001,17,1,0,2,19.8337228078547,7,1,2,0,0,1,0
1002,18,0,0,1,15.4087560558467,0,0,1,0,0,0,0
1003,15,0,2,3,4.21056976881226,26,0,2,0,0,0,0
1004,17,1,0,3,10.0288294739582,14,0,3,1,0,0,0
1005,17,1,0,2,4.67249527297133,17,1,3,0,0,0,0
1006,18,0,0,1,8.19121854525018,0,0,1,1,0,0,0
1007,15,0,1,1,15.6016804746992,10,0,3,0,1,0,0
1008,15,1,1,4,15.424496305808,22,1,1,1,0,0,0
1009,17,0,0,0,4.5620075580477,1,0,2,0,1,0,1
1010,16,1,0,1,18.4444663630972,0,0,3,1,0,0,0
1011,17,0,0,1,11.8513636552965,11,0,1,0,0,0,0
1012,17,0,0,1,7.59848581924029,15,0,2,0,0,0,1
1013,17,0,1,1,10.0387116156172,21,0,3,1,0,0,0
1014,17,0,1,2,12.1014250687548,21,0,4,0,1,0,0
1015,18,1,0,1,11.1978106369157,9,1,2,0,0,0,0
1016,15,0,0,2,9.72810071072356,17,1,0,0,1,0,0
1017,18,0,3,1,10.098656081788,14,0,2,1,1,0,0
1018,18,1,0,0,3.52823820855772,16,1,2,0,0,0,0
1019,18,0,1,3,16.2546580860935,29,0,2,1,0,0,1
1020,17,0,0,1,10.8352063988203,9,0,2,0,0,1,0
1021,16,1,0,3,2.62159723409406,2,0,3,0,0,0,1
1022,15,0,0,2,15.3231420316555,25,0,1,1,0,0,0
1023,16,1,1,0,18.648879567547,29,1,1,0,0,0,0
1024,18,1,3,4,18.9461379847392,20,0,2,1,0,0,0
1025,18,1,0,1,7.38035464822345,15,0,2,0,0,0,0
1026,16,1,0,3,2.71033747121508,5,0,4,0,0,1,0
1027,16,0,0,1,10.3679925326613,2,0,2,0,1,0,0
1028,16,1,0,3,2.25218458698441,8,0,3,0,0,1,0
1029,18,0,0,0,18.6797483702523,10,0,3,1,0,0,0
1030,18,0,0,2,3.67159254710292,20,0,3,1,0,0,0
1031,15,0,2,2,5.05531719902328,12,1,0,0,1,0,0
1032,15,0,0,3,8.1327305376994,17,0,4,0,0,0,1
1033,18,0,0,3,7.66328937118251,25,0,1,0,1,0,0
1034,16,0,3,3,15.8932578479577,21,0,0,1,1,0,0
1035,16,0,0,3,9.12633641101924,27,1,2,1,1,0,0
1036,15,0,3,1,3.41536520006673,23,0,1,0,0,0,0
1037,18,0,0,1,5.34419790972148,26,1,1,0,0,0,0
1038,15,0,2,1,10.1822677037504,21,1,1,0,1,0,0
1039,15,1,1,1,2.94907834852269,3,1,1,1,1,0,0
1040,17,1,2,1,12.2331135129202,21,1,3,1,1,0,0
1041,17,1,3,2,11.3149461310229,23,1,1,0,0,0,0
1042,17,0,0,1,14.2940463276451,7,0,2,0,0,0,0
1043,16,1,3,2,18.7540923075873,12,1,4,0,0,0,0
1044,18,1,0,1,18.2450912220231,9,0,2,0,1,0,0
1045,18,1,0,1,18.9215123613766,1,1,3,1,1,0,0
1046,18,0,0,2,4.89431194047401,7,0,4,0,0,1,0
1047,18,0,1,2,2.63130613278709,5,0,1,1,0,0,0
1048,17,0,0,2,6.04553400992897,15,0,2,0,0,0,0
1049,16,0,1,2,17.9017034553262,17,0,3,0,0,1,0
1050,16,1,1,1,19.4410694924697,16,0,4,1,0,0,0
1051,17,1,2,2,17.1864990214095,5,0,3,0,0,0,0
1052,16,1,2,0,2.20035442255087,12,1,1,1,0,1,0
1053,17,1,0,1,18.9485599611958,22,0,4,0,0,1,0
1054,18,0,0,2,8.46716054701572,13,0,1,0,1,0,0
1055,17,0,0,0,0.186205815247073,29,1,2,1,1,0,0
1056,18,0,0,1,8.84787481496387,25,0,2,0,1,0,0
1057,18,1,0,4,0.921383393509351,20,0,2,0,1,1,0
1058,15,0,0,4,10.8775584232223,29,0,3,1,0,0,0
1059,17,0,0,1,6.77108054874102,9,1,3,0,1,0,0
1060,15,1,3,0,9.46869867188097,23,0,3,0,1,0,0
1061,17,1,1,1,12.2634072148623,10,0,0,1,0,1,0
1062,17,0,0,1,17.3760219163564,12,0,2,0,0,1,0
1063,15,0,1,3,13.2380315294385,11,0,3,0,1,0,0
1064,15,0,0,1,8.68097736956361,8,0,2,0,1,0,0
1065,17,0,0,2,16.3885570734073,3,1,4,0,0,0,0
1066,16,0,1,1,18.1116427514626,6,1,3,1,0,0,0
1067,18,0,0,4,2.39519932864394,23,0,3,0,1,0,0
1068,15,1,0,1,10.6386595510558,28,0,0,0,1,0,0
1069,18,1,3,2,5.69023919484888,21,1,3,0,0,1,0
1070,16,1,2,1,0.941223957538948,1,0,4,0,0,1,0
1071,16,0,1,2,13.3709339022797,6,0,2,1,0,0,0
1072,16,1,1,1,17.2554155491845,28,0,3,0,0,1,1
1073,15,0,1,1,3.25805308954788,8,0,2,1,1,0,0
1074,16,0,0,3,16.248273152478,4,1,2,0,0,0,0
1075,15,1,0,3,17.0679146707388,14,0,3,1,0,1,0
1076,16,0,0,3,18.2868088533296,17,0,3,0,1,0,0
1077,18,0,0,2,5.30570178172104,3,0,3,0,0,0,0
1078,18,1,1,3,18.0790613037977,18,1,1,1,1,0,0
1079,17,1,0,0,6.41325509472864,19,0,1,0,0,0,0
1080,18,1,3,1,11.04676026911,25,0,3,0,1,0,0
1081,17,0,3,1,1.01014941664564,6,0,1,0,1,0,0
1082,18,1,2,2,0.877621767374872,25,0,2,0,0,0,0
1083,15,1,1,1,14.407464254644,7,0,0,1,1,0,0
1084,18,0,2,1,8.88959955955582,16,0,1,0,1,0,0
1085,17,1,0,2,5.12584750738435,12,0,3,1,1,0,0
1086,17,1,2,3,3.8082699204982,23,0,3,0,0,0,0
1087,16,1,0,1,13.3990698171843,20,1,1,1,0,1,1
1088,15,0,2,1,0.00803088050679745,27,0,1,0,0,1,0
1089,18,0,0,1,16.117823383937,22,0,0,1,0,1,0
1090,16,0,2,1,1.58499212259857,10,0,2,0,0,1,1
1091,18,0,3,1,3.82979229816238,26,0,1,0,0,0,1
1092,18,1,0,2,7.72472790598179,0,0,2,1,1,0,0
1093,16,0,0,2,9.69717479432207,1,1,3,0,0,0,0
1094,16,0,3,2,7.09990231627883,16,1,3,0,1,0,0
1095,16,1,0,1,6.41424329968587,4,0,1,1,1,0,0
1096,16,1,2,3,19.2783202414637,29,0,3,0,0,0,1
1097,16,1,1,1,12.8315936248678,29,0,4,0,0,1,0
1098,18,0,0,2,0.468659107347764,5,0,2,0,1,0,0
1099,16,0,0,3,8.60351816888626,25,0,2,1,0,1,1
1100,15,0,0,1,17.5001739948794,24,0,2,0,0,0,0
1101,17,1,2,1,6.02912372821335,23,1,1,1,1,0,1
1102,16,1,0,3,1.89112689548776,6,0,3,1,0,1,1
1103,16,0,1,1,15.1676954317983,27,0,3,1,1,0,0
1104,18,1,0,2,12.1202766387216,20,1,2,0,1,0,0
1105,16,1,1,0,11.40625015653,29,0,3,1,0,0,0
1106,16,1,2,2,1.07153119214815,14,0,3,0,1,1,1
1107,16,0,3,1,2.80998019591034,18,0,0,1,0,0,1
1108,18,1,0,0,12.4509879242622,15,0,1,0,1,0,0
1109,16,1,2,2,4.15647682917671,24,1,3,1,1,0,0
1110,17,0,2,1,10.0814015949684,12,1,4,0,0,0,0
1111,18,0,1,1,10.8976337205878,4,1,3,0,0,0,0
1112,17,1,3,0,5.67014380541878,2,1,4,0,0,1,0
1113,18,1,0,1,18.9685031108298,2,0,2,0,0,0,0
1114,16,0,0,1,16.8492821367115,18,1,1,0,1,1,0
1115,17,0,2,0,14.4474701526559,13,1,2,0,0,0,0
1116,18,1,0,3,1.55987732818818,15,0,0,0,0,0,1
1117,15,1,2,0,2.12260038618038,21,0,3,1,0,1,0
1118,16,1,2,2,9.85562691729911,16,0,4,0,0,0,0
1119,18,1,0,1,3.21426698381971,26,0,3,0,1,0,0
1120,15,0,2,1,19.5653092705894,3,0,2,1,0,1,1
1121,18,1,0,3,3.17040468054818,12,1,1,1,1,0,0
1122,15,1,1,1,9.74935670927948,7,1,1,0,1,1,0
1123,16,0,1,4,7.2824211368301,18,0,2,0,0,0,0
1124,17,1,3,1,12.7877284290819,4,0,3,0,0,0,0
1125,15,0,0,2,2.58072817778849,1,1,2,1,0,1,0
1126,18,1,0,2,8.60632856084781,14,0,4,1,0,0,0
1127,16,1,1,3,5.49410065614287,1,0,3,1,0,0,0
1128,15,0,2,2,17.7550304934337,10,1,1,0,1,0,0
1129,18,0,1,2,0.811714242693901,12,1,1,1,1,0,0
1130,18,1,0,1,18.2745498801291,22,1,3,0,0,0,0
1131,18,1,0,1,16.65988277106,9,0,1,0,0,0,0
1132,15,1,0,3,5.9514143288163,2,0,3,0,0,0,0
1133,15,0,2,1,15.785813093542,4,1,2,0,1,0,0
1134,15,1,0,1,0.624271206774951,2,0,1,1,0,0,0
1135,17,0,0,2,19.3373110058678,5,1,2,1,0,0,0
1136,15,0,3,1,10.5318988517957,12,0,2,1,0,0,0
1137,15,1,0,4,6.0656205213089,9,0,3,0,1,0,0
1138,15,0,3,2,7.25166425189354,18,0,0,1,0,1,1
1139,17,1,1,2,1.32810706920994,7,0,3,1,0,0,0
1140,15,1,2,3,19.7869902808407,17,1,3,0,0,0,0
1141,18,1,0,0,0.785838903013849,2,0,3,1,0,0,0
1142,15,1,0,1,13.0981424629571,23,1,0,1,1,0,0
1143,18,1,2,2,8.85471855412916,23,1,3,0,0,0,0
1144,18,0,2,1,18.9783243637743,16,0,2,1,0,1,0
1145,18,0,2,2,4.9199948061359,7,1,2,1,1,0,0
1146,17,1,0,3,10.6417364787602,9,0,3,1,0,0,0
1147,17,1,2,2,9.64712417165506,1,1,2,1,0,0,1
1148,17,0,2,1,14.057328881002,11,0,3,0,1,0,0
1149,15,0,1,4,1.36020463904841,22,0,1,1,1,0,1
1150,18,0,2,2,3.87578260046709,5,0,3,1,0,0,0
1151,17,0,2,2,4.29129640185699,1,0,1,0,1,1,0
1152,17,1,1,1,14.7630150968337,20,1,3,0,1,0,0
1153,15,1,0,3,3.7827739265348,22,0,4,1,0,0,1
1154,17,0,0,2,11.4698352778195,23,0,2,0,0,0,0
1155,15,1,0,2,4.30487641001907,2,0,2,1,0,0,0
1156,16,0,0,3,17.2324990016795,16,1,3,1,1,0,0
1157,17,1,0,1,18.8437090897927,28,0,0,0,1,1,1
1158,16,0,0,2,10.3698594988448,6,0,2,0,0,0,0
1159,15,1,0,3,7.04617768418356,28,0,2,0,0,0,0
1160,18,0,0,1,4.68115550034998,20,0,3,0,0,0,1
1161,17,0,2,2,0.995620030460875,4,1,3,1,0,0,1
1162,15,1,3,3,5.3700015239499,22,1,3,0,0,0,0
1163,18,0,0,2,13.0847155989063,0,1,3,0,0,1,1
1164,18,1,3,2,10.6723386261842,7,0,3,1,0,0,0
1165,16,1,1,3,18.8808255656185,11,1,2,1,0,0,0
1166,15,0,0,3,7.92554524983401,13,0,2,0,1,0,0
1167,18,1,0,1,13.8772668465678,15,1,2,1,1,0,0
1168,17,1,1,0,9.78645494950242,9,0,4,0,1,0,0
1169,17,1,2,2,10.2515243184842,14,0,3,1,0,0,0
1170,16,1,2,2,5.35548629208235,20,0,2,0,1,0,0
1171,18,1,0,2,9.09901553683999,23,0,3,0,1,0,0
1172,15,0,0,2,9.41569994025414,25,0,2,1,0,0,1
1173,17,1,0,1,14.1328504349786,14,1,3,0,0,0,0
1174,18,1,0,2,18.8127999837222,9,0,2,0,1,0,0
1175,18,1,0,1,6.58642554965008,20,1,1,1,0,0,0
1176,16,1,0,2,0.844009371625968,27,0,3,1,0,0,0
1177,17,1,2,2,9.92590251001279,6,0,3,0,0,0,0
1178,17,0,3,1,10.8892266429833,25,1,2,1,0,1,0
1179,15,1,0,1,3.3688110226383,2,0,2,1,0,0,0
1180,17,0,3,2,15.2092921255213,1,0,3,1,0,0,1
1181,15,0,0,2,19.6985821688298,5,1,3,0,0,0,0
1182,17,0,0,1,18.9154943401692,20,0,3,1,0,0,0
1183,16,0,0,4,3.94212077647304,8,0,2,1,1,0,0
1184,17,1,1,2,17.5072647980152,9,1,4,1,1,0,0
1185,15,0,3,4,14.0898727282336,3,0,3,0,0,0,0
1186,15,0,1,2,9.07693127613823,26,1,3,1,0,0,0
1187,16,1,0,2,10.8122198864945,2,0,3,0,0,0,0
1188,17,1,1,3,16.9920034996491,8,0,1,1,0,0,0
1189,17,1,0,2,9.60269879276746,23,0,0,1,1,0,0
1190,16,0,2,2,7.46414738210253,21,1,3,0,0,0,0
1191,17,1,1,1,9.86494986051971,16,0,2,0,0,0,1
1192,17,1,0,2,11.5825960807009,13,1,3,0,0,0,0
1193,15,0,1,1,3.78155307556697,9,0,2,1,0,0,0
1194,17,1,1,1,18.0181546053398,12,0,2,0,0,0,0
1195,17,1,0,0,13.4837389765922,11,1,1,1,0,1,0
1196,16,1,1,0,12.6653783467497,26,0,3,1,1,0,0
1197,16,1,0,4,1.98992452361276,0,0,1,1,0,0,1
1198,18,0,2,1,12.0834787634518,27,0,3,1,0,1,0
1199,15,1,2,2,2.41921324476984,21,0,2,0,0,0,0
1200,17,1,2,3,1.57395350390798,28,0,3,1,0,0,0
1201,17,0,1,2,10.5462179128478,18,0,1,0,0,1,0
1202,18,1,1,1,8.05571068092989,18,0,1,0,0,0,0
1203,17,0,0,2,11.7762054031244,5,0,3,0,1,0,1
1204,15,1,2,2,1.78444336114477,12,0,2,1,0,0,0
1205,18,0,0,2,8.61966125694516,18,0,1,1,0,0,0
1206,15,0,0,2,3.49573430090315,12,1,4,0,0,0,0
1207,18,0,0,4,19.7420017184823,26,1,1,1,0,0,0
1208,18,0,0,2,11.2230042487034,25,0,2,1,0,0,0
1209,16,1,1,1,13.7487372188173,21,0,1,0,0,0,0
1210,15,0,0,2,6.50836561365215,20,1,2,1,0,1,1
1211,17,1,2,0,1.89477829558688,3,0,2,0,0,1,0
1212,17,0,0,3,19.5174172556707,23,0,1,0,0,1,1
1213,15,0,0,1,5.72518070766366,1,0,3,1,0,0,0
1214,17,0,1,1,8.47616370347148,14,1,2,0,0,0,0
1215,17,1,0,3,12.9972784340515,11,0,3,0,0,0,0
1216,15,0,0,2,0.493945953722225,29,1,1,1,0,0,0
1217,18,1,2,1,16.2051826103457,26,1,2,1,0,0,0
1218,15,1,0,2,10.7315638005724,6,0,0,1,0,1,0
1219,18,1,2,3,5.56434374137644,19,1,3,0,0,0,0
1220,17,1,0,1,1.23215970584938,17,0,3,0,0,0,0
1221,17,1,0,3,3.24996830948882,22,0,3,1,1,0,1
1222,17,1,2,0,17.9006771770687,12,0,2,0,1,0,1
1223,16,1,0,2,13.7204844787178,16,0,3,0,0,1,0
1224,18,1,0,3,4.99803443273779,3,0,3,0,0,0,0
1225,16,1,0,1,1.31201529890059,24,0,0,1,0,0,0
1226,16,0,0,2,13.8123062477327,13,0,1,0,0,1,0
1227,15,0,2,1,11.4481545193553,19,0,2,0,0,0,0
1228,16,0,0,2,8.0903904891647,27,0,3,0,1,0,0
1229,15,0,2,2,7.27222898380127,12,1,0,0,0,0,0
1230,15,0,2,2,4.33628551858216,2,0,3,0,1,0,0
1231,16,1,0,1,13.3922251307503,25,0,2,0,0,0,0
1232,18,1,3,1,19.4133605558774,25,0,2,0,0,0,0
1233,18,1,0,0,3.51430491673651,17,0,1,0,1,0,1
1234,18,1,3,1,11.94233240031,13,0,2,0,1,0,1
1235,18,1,0,2,8.48370111491952,14,0,0,0,1,0,0
1236,18,1,1,3,8.93377443489329,2,0,0,0,1,0,0
1237,16,1,0,2,5.08294560255628,0,0,3,0,0,1,0
1238,16,0,0,2,16.5026975132283,25,1,2,0,0,1,0
1239,17,0,1,4,9.70511208294482,23,1,2,0,0,0,0
1240,18,0,2,2,10.8681170439652,16,0,1,1,0,1,0
1241,16,0,0,3,6.09521825594651,2,1,2,0,1,0,0
1242,17,1,0,2,3.63616931333899,13,0,0,1,1,0,0
1243,18,1,2,1,1.7182077640564,2,0,2,0,1,0,0
1244,15,1,1,0,14.2823828184983,12,1,2,0,0,0,0
1245,17,0,3,2,3.92468563375711,14,0,2,1,0,0,0
1246,16,1,2,1,13.8015070837759,17,0,4,0,1,0,0
1247,15,1,3,1,7.80752892093907,13,0,2,0,0,0,0
1248,15,1,2,2,8.31549601979302,20,0,2,1,0,0,0
1249,15,0,0,2,9.38354992185543,25,0,2,0,1,0,0
1250,17,1,0,2,7.35417016255086,2,0,1,0,0,1,0
1251,16,0,2,1,2.0123995444518,18,0,3,0,1,0,0
1252,15,0,1,1,6.19263620005691,7,0,2,1,0,0,0
1253,18,0,0,2,13.2746872138787,3,1,1,1,0,0,0
1254,15,0,0,4,13.3156880293774,3,0,3,0,0,0,1
1255,15,1,3,2,5.72448614479988,18,1,0,0,0,0,0
1256,17,0,1,3,9.20205253115376,10,0,4,1,0,0,1
1257,17,0,0,2,3.86894456023874,0,1,3,0,0,0,0
1258,16,1,0,2,4.20744163059671,7,1,2,0,1,1,0
1259,18,1,0,1,0.460941768132148,14,0,1,1,1,0,0
1260,17,0,0,2,17.9349309981548,0,0,1,0,0,0,0
1261,15,1,0,2,4.21413330149812,6,0,1,1,0,0,0
1262,16,0,0,2,4.55067753872926,20,1,1,1,0,0,0
1263,15,0,2,2,5.59202865290263,19,0,2,1,1,0,1
1264,15,0,0,2,2.54816143390858,19,0,4,0,0,1,1
1265,17,0,2,1,12.7852576636272,23,0,2,0,0,0,0
1266,16,1,2,2,1.50285906355173,10,1,3,0,0,0,0
1267,18,0,0,1,2.684048526527,26,0,3,0,0,0,0
1268,18,1,1,3,12.8951345318018,28,0,3,0,0,0,0
1269,17,1,0,1,6.79321240962885,13,0,0,0,1,1,1
1270,17,1,2,0,14.1589565340237,21,1,2,0,1,0,0
1271,16,1,0,2,11.1484948934028,15,0,3,0,0,0,0
1272,18,0,1,2,5.12042346123026,13,0,3,0,0,0,1
1273,18,1,1,2,13.0165590097865,11,0,4,0,0,0,0
1274,18,0,0,1,2.32547360585761,16,0,3,0,0,0,1
1275,15,1,0,2,10.7282076616006,13,1,1,0,0,0,0
1276,18,1,1,1,8.74296210090069,9,0,2,1,0,0,1
1277,15,0,2,3,5.35747165634881,23,0,0,1,1,0,0
1278,16,0,0,3,12.08009995479,28,1,3,0,0,0,0
1279,15,0,1,2,17.4266718468056,13,1,2,0,0,0,0
1280,16,1,0,1,19.9780939952615,17,0,3,0,0,0,0
1281,18,1,2,2,12.1552553748684,21,0,4,0,0,0,1
1282,18,0,0,0,8.0941174865834,8,1,3,0,0,1,0
1283,16,0,2,2,4.50414200432403,16,0,2,1,0,0,1
1284,17,0,0,1,5.14192178790223,5,1,1,0,0,0,0
1285,16,0,0,3,9.58909956299531,7,1,3,1,1,1,0
1286,17,1,0,0,7.34555402561418,25,0,1,0,0,0,0
1287,15,0,0,2,18.2762904524988,12,1,1,0,0,0,0
1288,15,0,1,2,7.36590935311419,17,0,1,0,0,0,0
1289,15,0,0,2,7.4688918229087,4,0,2,1,0,0,0
1290,18,0,2,0,7.67069024867954,5,0,1,0,0,0,0
1291,15,1,0,4,16.7324042073531,20,1,4,0,1,1,0
1292,17,0,0,2,13.015766416938,18,0,4,1,0,0,0
1293,15,1,0,2,12.2833770063778,3,0,4,0,0,1,0
1294,16,0,0,1,6.68286044767724,6,1,0,0,0,0,1
1295,16,0,0,2,16.3580835366487,3,0,4,0,0,0,0
1296,18,1,0,2,0.767277227114022,24,0,4,0,0,1,0
1297,16,0,0,0,17.4159434467622,10,1,4,0,1,0,0
1298,17,1,0,1,10.2549979958785,11,1,3,0,0,0,0
1299,15,1,1,3,7.96500469726825,13,1,3,0,1,0,0
1300,18,0,1,1,9.94334561435371,12,1,1,0,0,0,0
1301,15,1,0,1,13.3483106106766,28,0,3,1,0,0,0
1302,15,1,0,2,0.255308530357947,9,0,0,1,0,0,0
1303,17,1,3,2,17.4310371291649,17,0,2,0,0,0,0
1304,16,1,1,0,8.93479050622785,15,0,4,0,0,0,0
1305,16,1,1,2,6.85933039400156,4,0,2,0,1,1,0
1306,15,1,0,1,2.76491131268114,7,1,1,0,0,0,0
1307,18,1,2,0,8.78930748716884,13,0,4,0,0,0,0
1308,16,1,2,0,9.92645542568757,4,0,4,0,1,0,1
1309,18,0,1,3,8.07293388986955,25,0,1,1,0,0,0
1310,16,0,3,1,13.5732018765379,27,0,3,0,1,0,0
1311,18,1,0,0,8.41793057518452,23,0,2,1,0,0,0
1312,17,0,0,2,19.2283515569314,7,0,2,0,0,1,1
1313,18,1,2,3,11.9855503564718,24,0,1,0,0,0,0
1314,17,1,2,1,16.1495587130381,25,0,0,0,0,0,0
1315,17,0,0,2,2.18711806218957,5,1,1,0,1,0,0
1316,18,1,0,0,7.94582585891811,15,1,0,0,1,0,0
1317,17,1,0,2,6.73695402894305,27,0,4,0,0,0,0
1318,15,1,0,2,11.3896477627318,3,1,3,1,0,0,0
1319,17,1,2,2,17.2222704012285,11,0,3,0,0,1,0
1320,16,0,1,1,1.56676435524013,10,0,3,0,0,0,0
1321,18,1,0,1,1.45149596089421,2,0,1,1,0,0,0
1322,15,1,0,1,17.0063541631519,11,0,4,1,0,0,0
1323,18,1,0,1,4.25700172076714,29,1,3,1,1,0,0
1324,16,0,0,0,13.3750650889962,4,0,2,0,0,0,0
1325,16,1,1,2,10.8575626472161,5,1,1,0,1,0,0
1326,16,0,3,4,16.6578718977445,18,0,3,0,0,0,0
1327,17,0,2,4,2.50177819672807,17,0,3,0,1,0,0
1328,17,1,0,3,2.59565931445222,15,1,3,0,0,0,0
1329,18,1,2,2,11.1363672055661,22,0,0,0,0,0,0
1330,18,0,2,2,18.9275730671674,10,0,1,1,1,0,0
1331,15,1,2,1,8.29995516741508,4,0,2,1,1,1,0
1332,15,0,0,2,6.53884200509389,8,0,3,0,1,0,0
1333,18,0,0,2,12.1337864639577,2,0,0,0,0,0,0
1334,17,1,0,2,18.6089720109006,29,0,2,0,1,0,1
1335,16,1,0,2,16.7385566568924,7,0,2,0,0,0,0
1336,18,0,0,1,19.9096722146643,5,0,3,0,0,0,0
1337,15,0,0,1,0.451371664047541,3,0,2,1,0,0,0
1338,17,0,0,3,2.25716289425524,11,0,2,0,1,0,0
1339,18,0,2,0,12.1893552673324,11,0,3,0,0,0,0
1340,18,1,0,2,16.4115287866769,24,0,4,0,0,0,1
1341,17,1,0,3,5.70488684613533,20,0,1,1,0,0,0
1342,18,1,3,2,4.78422176068437,15,0,1,1,0,1,0
1343,17,1,3,2,15.739515987624,9,0,4,1,0,1,0
1344,16,1,2,1,1.12763707706463,21,0,2,0,0,0,0
1345,17,0,3,1,7.3876529516517,13,0,3,0,0,0,1
1346,17,1,1,3,10.1161844518465,12,0,3,0,0,0,0
1347,17,1,3,2,11.2069734870064,8,0,1,0,1,1,0
1348,18,1,0,2,14.5723031358555,6,0,3,1,0,1,0
1349,18,1,0,0,7.09691446861316,11,0,3,0,0,0,0
1350,17,1,0,0,12.2536868934921,4,0,2,0,0,0,0
1351,18,0,0,4,11.7075084558191,17,0,0,0,0,1,0
1352,15,0,0,1,10.9523220130749,3,0,4,0,0,0,0
1353,15,0,1,2,12.8096658628442,1,0,2,0,1,0,0
1354,18,1,2,0,5.18898342136152,2,1,3,0,0,0,0
1355,18,0,1,2,1.69297507169257,25,0,3,0,0,0,0
1356,17,0,0,3,2.38543344079486,11,1,2,0,0,0,0
1357,16,1,2,2,4.49164765307802,2,1,3,1,1,0,0
1358,18,1,1,1,10.0039587104557,3,0,4,0,1,0,0
1359,15,1,0,2,16.8088550109204,5,0,2,0,0,1,0
1360,17,0,1,2,14.0258668417676,11,0,2,0,0,0,0
1361,18,0,0,2,15.7808120840409,18,0,4,1,0,0,0
1362,15,1,0,3,7.01951247852182,9,0,1,1,0,0,1
1363,15,1,3,2,8.093074832971,29,1,0,0,0,0,0
1364,16,0,0,3,7.87363771981225,0,1,4,0,0,1,0
1365,17,0,0,2,3.83746368809003,16,0,3,1,0,1,0
1366,17,1,2,1,1.22433316287144,15,0,4,1,1,0,1
1367,16,1,2,1,11.8183218565445,8,0,0,0,0,0,0
1368,16,0,0,1,19.7843336684117,24,1,1,0,1,0,0
1369,17,1,0,3,3.33659409900525,20,1,1,0,0,0,0
1370,17,0,0,2,0.933696397985475,8,1,3,1,0,0,1
1371,18,0,1,2,15.5906336364786,26,0,3,0,0,0,0
1372,18,0,0,1,5.05172013369448,22,0,2,0,0,1,0
1373,16,0,0,1,16.5928761070585,8,0,0,0,0,0,0
1374,18,1,3,2,14.0787333406903,11,0,3,0,0,0,1
1375,15,1,1,2,18.913470741016,22,1,2,1,0,0,0
1376,18,0,0,1,8.17854471513344,8,1,1,1,0,0,0
1377,18,0,1,2,13.2393967890126,14,0,4,0,1,0,0
1378,15,0,1,0,9.29709561626541,1,0,1,1,0,0,0
1379,16,0,0,1,12.6117739461708,10,0,3,0,0,1,0
1380,15,0,0,2,8.99197812015474,10,1,3,1,0,0,0
1381,18,1,2,1,3.77264492848149,7,0,2,1,1,0,1
1382,16,1,0,4,10.1579483200676,22,0,1,1,0,0,0
1383,18,1,1,1,10.5716840287488,5,0,2,1,0,0,1
1384,15,1,0,1,16.2120769652032,20,0,3,0,0,0,0
1385,15,0,0,1,14.7104141158716,19,1,1,1,0,0,0
1386,18,0,0,2,13.2758324788288,6,0,3,0,0,0,0
1387,17,0,0,2,2.26774191105145,2,0,4,0,0,0,0
1388,17,0,0,2,14.4123258132743,7,0,4,0,0,1,0
1389,15,0,0,0,10.0061031270902,17,0,2,0,0,0,0
1390,15,1,2,0,17.8819907221231,16,0,3,1,0,0,1
1391,17,0,3,2,18.3974186826108,10,0,4,0,0,0,0
1392,17,1,2,3,1.1031318120357,1,0,2,1,0,0,0
1393,18,1,2,3,16.4128312070895,24,1,1,1,0,0,0
1394,18,1,0,0,0.753947808453412,20,0,1,1,1,0,0
1395,17,1,3,2,7.34339251390045,26,0,1,0,0,0,0
1396,18,0,0,3,10.8459995124215,23,0,3,0,0,1,0
1397,18,1,3,1,2.96201597254254,18,0,2,0,0,0,0
1398,16,1,3,3,14.9262762513815,6,0,3,0,0,0,0
1399,18,1,2,1,0.167094083442771,17,1,3,1,0,0,1
1400,15,0,3,3,3.37198096868073,7,0,3,1,1,0,0
1401,18,0,1,2,11.6159365970695,13,0,3,0,0,0,1
1402,18,0,0,3,14.2877512407458,6,0,0,1,0,1,0
1403,17,1,0,2,18.3328620538783,27,0,3,0,1,0,0
1404,15,1,1,1,14.1099330386924,20,0,2,0,0,0,0
1405,18,0,0,3,13.4355854050973,27,0,2,0,1,0,0
1406,18,1,1,1,7.88682292701328,26,0,0,0,0,0,0
1407,16,0,3,1,0.0256885105360282,3,0,4,1,0,0,0
1408,18,0,0,2,2.40318517471243,16,0,4,1,0,0,0
1409,18,1,2,2,10.6910908951207,4,0,2,1,0,0,0
1410,16,1,3,3,13.5025977168883,11,0,2,0,1,0,0
1411,17,1,3,1,8.34896567792925,8,0,3,0,1,0,0
1412,18,1,3,2,14.6135802305678,25,0,1,0,0,0,0
1413,16,0,1,2,10.4372459066435,19,1,1,1,1,1,0
1414,15,0,3,0,1.48352391188624,12,0,3,0,0,0,0
1415,17,0,2,1,3.84032501935897,24,0,1,0,1,0,0
1416,15,0,0,1,16.7999644648788,27,0,2,1,1,0,0
1417,15,0,0,1,14.4982549324887,17,1,2,1,0,0,0
1418,16,1,2,4,17.8952397402499,19,1,2,1,0,0,0
1419,18,0,0,2,2.35114498241873,8,0,1,1,1,0,0
1420,16,0,1,2,19.8044506923014,3,0,2,0,0,0,0
1421,16,0,1,4,4.18813427899867,20,1,2,0,1,0,0
1422,16,1,0,1,0.23559752573284,26,0,2,0,0,1,0
1423,16,1,1,3,19.948458781071,7,0,3,0,0,0,0
1424,17,1,2,2,5.62147770890226,0,1,4,0,0,1,0
1425,18,1,0,3,13.3603890502511,16,0,1,0,0,0,0
1426,15,0,0,1,3.5336462835261,24,0,3,1,0,0,1
1427,15,0,0,3,11.6045706439828,8,1,1,0,0,1,0
1428,18,1,0,1,18.0806997290911,19,0,2,0,0,0,1
1429,15,1,3,1,6.40362334856877,12,0,2,1,1,0,0
1430,18,0,0,2,13.4050795208871,1,0,2,0,0,0,0
1431,15,0,1,1,3.75807177596833,12,0,3,1,1,0,0
1432,16,1,0,2,12.4959079743745,8,0,2,1,0,0,0
1433,15,1,0,2,6.7290070363502,29,0,2,1,0,0,0
1434,18,1,2,2,4.22416517175903,19,0,3,0,1,1,0
1435,18,1,2,1,6.2636410140727,5,1,1,1,0,0,0
1436,18,0,0,0,3.57682137015598,27,0,1,0,1,0,0
1437,18,0,0,1,18.0383221567576,0,1,0,1,0,0,0
1438,18,0,0,2,7.94373772634257,27,1,1,0,0,0,0
1439,17,1,0,1,4.90558609948734,24,0,2,0,1,0,0
1440,17,1,1,1,8.96815682031865,4,0,2,1,0,1,0
1441,15,0,0,1,6.41072333612991,2,1,1,0,0,0,1
1442,18,0,0,0,14.8883850762665,3,0,0,1,0,0,1
1443,15,0,0,2,19.4243982377098,0,0,3,0,1,1,1
1444,18,0,3,3,8.76067313395293,13,0,3,1,1,1,0
1445,18,1,3,1,17.2206679994448,8,1,4,1,0,0,0
1446,17,0,0,2,11.3172614711923,29,0,4,0,1,0,0
1447,17,0,2,2,3.14471330188466,23,0,4,0,1,0,1
1448,16,0,0,2,13.8124548416268,3,0,3,1,1,1,1
1449,17,0,0,2,10.2686899425164,17,1,3,1,0,0,0
1450,16,0,2,2,13.012130465042,13,0,1,0,0,0,0
1451,16,0,3,2,17.7937482514333,24,0,3,1,1,0,1
1452,16,0,3,0,8.80869141312092,3,0,0,0,0,0,0
1453,16,1,1,2,18.0235524643471,24,0,3,0,1,1,0
1454,16,1,0,2,15.013380285633,9,0,2,0,0,0,1
1455,15,1,2,0,9.77209851755969,2,0,3,1,0,1,0
1456,17,1,0,1,12.0644427131592,22,0,0,1,1,0,1
1457,16,0,1,4,6.51162265038022,6,1,2,0,1,1,0
1458,18,1,0,2,19.6719459947754,9,0,2,0,0,0,0
1459,17,1,1,2,13.3470232610079,12,0,1,1,0,0,0
1460,17,0,0,3,0.876937049932597,3,1,2,0,1,1,0
1461,16,0,0,2,6.53243811496017,17,0,0,1,1,0,0
1462,15,1,3,2,12.4662886751811,10,0,2,0,0,0,1
1463,16,1,0,2,1.12666555598479,24,1,2,0,0,0,1
1464,15,0,1,3,0.477683826382855,3,0,3,0,1,0,0
1465,18,1,0,2,9.00048479055605,23,0,2,1,0,1,0
1466,17,0,0,2,6.6538035938534,13,0,2,1,1,0,0
1467,18,0,0,1,8.76597216066331,17,0,4,0,0,0,0
1468,15,0,0,4,5.2538661976001,7,0,2,0,0,0,0
1469,15,0,2,2,3.29435493885961,26,1,2,0,0,0,0
1470,18,1,0,0,13.7828671396067,9,0,2,1,0,0,0
1471,15,0,3,3,10.291422325356,4,0,3,1,1,0,1
1472,18,0,1,2,4.00308422498733,22,0,2,1,1,0,0
1473,17,1,0,0,6.39178852519996,6,1,2,1,0,1,0
1474,18,0,1,2,11.8361581532665,11,1,3,1,1,0,0
1475,17,1,1,2,1.44458696544955,24,0,0,0,0,0,0
1476,18,1,2,3,2.94906018532359,2,1,3,0,1,0,1
1477,15,1,0,1,1.4649120821478,25,1,2,1,0,0,0
1478,18,0,0,3,16.2463466542823,3,0,2,0,0,0,1
1479,15,1,2,2,15.0481846642401,9,0,3,0,0,0,0
1480,18,1,3,0,15.0662586375851,3,0,1,0,0,0,0
1481,18,0,2,4,14.3265068695205,14,1,3,0,1,1,0
1482,16,1,0,2,13.3877084733973,28,1,4,0,0,0,1
1483,15,1,2,1,9.5398383075635,9,0,2,0,0,0,0
1484,16,1,0,2,12.8455632701423,20,0,4,0,0,1,0
1485,15,1,0,3,0.767231095759493,29,0,0,0,0,0,0
1486,16,1,0,1,12.4292884531356,21,1,3,0,0,1,0
1487,17,0,1,1,15.5575541107375,15,1,2,1,0,0,0
1488,18,1,0,1,10.0071672076878,14,0,2,0,0,0,1
1489,15,1,0,1,7.15026656854473,18,0,1,1,1,0,1
1490,15,0,2,2,5.54853469601958,28,0,2,1,0,0,0
1491,18,0,0,2,12.8560410032416,19,1,1,1,0,0,0
1492,15,0,0,1,13.8560239725981,18,0,4,1,1,0,0
1493,15,1,0,1,17.4193519972508,17,0,3,0,1,0,0
1494,16,0,3,1,6.84668164921981,25,1,1,0,1,0,0
1495,15,1,1,3,15.3954461477117,11,0,1,1,0,0,0
1496,17,1,0,1,11.2271164837867,24,1,3,0,0,1,0
1497,17,0,2,4,17.6567298135615,15,0,2,0,1,1,0
1498,18,0,2,2,10.5562421659124,0,0,1,0,0,0,0
1499,15,1,0,1,10.3525965679593,15,1,2,1,0,1,0
1500,18,0,1,3,11.5575416288181,1,0,2,0,0,0,0
1501,17,1,2,2,14.9863071028486,23,0,1,0,0,0,0
1502,15,0,1,2,19.2938095765692,14,0,3,1,1,0,0
1503,15,0,0,4,1.47126708431531,6,0,3,1,0,0,0
1504,18,0,2,0,1.06869204782034,27,0,0,0,1,1,0
1505,17,1,1,0,18.7510067481467,0,1,4,1,0,0,0
1506,15,0,0,2,10.5975125103641,4,1,2,0,1,0,0
1507,18,1,0,1,12.2980602913387,9,1,1,1,0,0,0
1508,17,1,0,1,9.64847203189457,21,0,1,0,0,0,0
1509,18,1,0,0,1.87314905214948,20,1,1,0,0,0,0
1510,16,1,2,0,15.3617875683733,3,1,2,1,1,0,0
1511,15,0,0,2,14.9444929017717,13,0,1,0,1,0,0
1512,16,1,0,1,6.23406642985624,12,0,2,0,0,0,1
1513,17,1,1,2,6.124784904568,0,0,1,1,0,0,1
1514,16,0,0,2,16.7568276181103,15,1,3,0,1,0,1
1515,16,1,3,2,1.44714515482653,22,0,3,1,1,0,0
1516,17,0,0,0,17.6221029671313,8,1,2,0,0,0,0
1517,18,1,0,2,5.13323379791828,21,0,3,0,1,1,0
1518,16,0,0,0,11.8596949551098,15,1,4,1,0,0,0
1519,18,1,0,2,18.7198835800355,18,0,3,0,0,0,0
1520,16,0,0,3,13.5624500307329,14,0,2,0,0,0,0
1521,18,1,2,2,8.28859624934073,25,0,2,0,1,0,0
1522,17,1,3,2,13.7906841781083,13,0,3,1,0,0,0
1523,16,0,0,2,6.8795927263274,19,1,1,0,0,0,0
1524,17,0,1,1,5.54516832698372,9,1,2,0,1,0,0
1525,16,0,2,3,19.9336655586935,20,0,2,0,0,0,0
1526,17,0,2,3,15.0158046235957,11,0,3,0,1,0,1
1527,17,1,0,1,12.8943995476363,27,0,3,0,1,0,0
1528,16,1,0,2,7.10579286438637,0,0,2,1,1,1,0
1529,16,0,0,3,0.983216583100963,20,0,1,1,0,1,0
1530,16,1,2,4,0.621137520703112,16,1,4,0,0,0,0
1531,15,0,2,2,11.0836251089759,8,1,0,0,1,0,0
1532,18,0,0,2,15.240654420781,22,0,0,1,0,1,0
1533,15,1,0,1,10.7475838088771,18,0,2,0,0,1,0
1534,15,1,3,4,16.8157014387822,24,0,3,0,1,1,1
1535,17,1,2,1,0.668530661864432,17,0,3,1,0,0,0
1536,16,1,3,2,7.3350415285188,27,0,4,1,1,0,0
1537,18,1,2,1,4.74140782348356,6,0,1,0,0,1,0
1538,17,1,0,1,8.94545936314244,8,0,2,0,0,1,0
1539,15,1,1,2,1.44752786388244,21,0,1,0,0,0,0
1540,16,0,1,4,19.0826328314214,25,0,3,0,0,1,0
1541,17,0,0,0,4.46510802138721,20,0,2,1,0,0,0
1542,16,0,1,2,18.4461555096716,11,0,0,0,1,0,0
1543,17,0,2,0,8.51786310073363,6,1,3,1,0,0,0
1544,16,0,0,1,19.7104826651043,13,1,2,0,0,0,0
1545,15,1,2,2,11.0811676692042,14,1,2,0,1,0,0
1546,18,0,1,2,18.6166572835161,14,0,3,0,0,1,0
1547,15,0,3,1,0.106979773884456,5,0,1,1,0,0,0
1548,18,0,0,1,14.964776123618,20,0,1,1,1,1,0
1549,16,0,0,0,18.0610130620503,13,0,1,0,0,1,0
1550,17,0,1,1,2.79441133957908,1,1,2,0,1,0,0
1551,15,0,0,4,1.92251703464302,7,0,1,1,1,0,0
1552,18,0,2,3,8.49145214371911,12,0,3,0,1,0,0
1553,15,1,2,1,18.6735781226587,22,0,1,0,1,0,0
1554,18,1,0,2,10.8477312038087,5,0,4,0,0,0,0
1555,15,0,1,3,10.5491292744346,4,1,1,0,1,0,0
1556,18,1,1,0,2.82252236598643,4,0,1,1,1,0,1
1557,18,1,0,3,0.0157902218643757,24,0,1,0,0,0,0
1558,16,1,3,3,16.2028018149092,0,0,3,1,0,0,0
1559,18,1,2,0,1.75149125972476,8,1,2,1,1,0,0
1560,16,0,1,1,12.6769963747064,5,0,3,1,0,1,0
1561,18,1,2,4,18.2923290903038,19,0,3,0,1,0,0
1562,17,1,0,2,4.17303826316862,25,0,4,0,0,1,0
1563,17,1,3,0,13.3054567247382,29,1,3,0,0,1,0
1564,17,0,1,1,1.57397153415018,6,0,0,0,0,1,0
1565,18,0,2,2,12.0751028767522,8,0,3,1,0,0,0
1566,16,0,2,2,3.27863441906405,4,1,4,1,0,0,0
1567,16,0,0,2,14.7190712103035,13,1,4,1,0,0,0
1568,18,0,2,4,6.02462589587816,4,0,1,0,0,0,0
1569,17,0,0,1,9.26782017609292,7,1,3,0,1,1,0
1570,17,0,0,2,11.9886108405524,6,0,1,0,0,0,0
1571,16,1,0,2,3.42546821332479,12,1,1,1,1,1,0
1572,17,1,3,2,14.8327563723524,12,0,3,0,0,0,0
1573,15,1,2,1,6.05280681273629,7,0,4,0,0,0,0
1574,16,0,2,4,13.247437198255,10,1,2,0,0,0,0
1575,17,0,2,3,3.16566101398747,27,1,3,1,0,0,0
1576,16,0,1,2,13.762353184127,25,0,0,1,0,0,0
1577,15,0,3,2,2.56376145620923,17,1,0,1,0,0,0
1578,16,0,0,1,8.50712992539967,24,0,2,1,0,0,0
1579,16,1,0,2,4.94412147477753,18,1,2,0,0,0,0
1580,16,1,0,2,14.9675049885636,5,0,3,0,0,0,0
1581,16,0,2,2,5.24070009013749,21,0,2,0,1,0,0
1582,15,0,2,4,17.6343461279079,1,0,2,0,0,0,1
1583,18,0,0,2,17.8364042281322,27,0,2,1,1,0,1
1584,16,0,0,1,3.92882630445571,12,0,1,0,0,0,0
1585,16,1,2,2,12.2769189001544,22,0,4,0,0,0,0
1586,17,0,0,1,1.75435283439928,24,0,2,0,0,0,0
1587,16,0,2,1,7.83074199203258,27,1,2,0,0,0,0
1588,17,0,3,1,14.2664345900254,25,0,3,1,1,0,0
1589,18,0,0,2,13.1884649369983,10,0,2,0,0,0,1
1590,15,1,0,2,12.4940133881321,0,0,3,0,0,0,0
1591,15,0,2,2,5.65081727324887,23,0,1,0,0,0,0
1592,18,0,2,2,7.56049898868804,1,0,1,0,0,0,0
1593,15,1,1,2,2.05892289400572,29,0,4,0,1,0,1
1594,18,1,3,1,14.380456408672,16,0,3,0,0,0,0
1595,18,1,0,3,10.0777759358254,7,0,2,1,0,0,0
1596,18,0,1,1,14.175312646913,1,0,3,0,0,0,1
1597,15,0,2,1,4.97887049593745,5,0,4,0,0,1,1
1598,17,1,2,2,6.48876457270132,21,1,1,1,0,0,1
1599,18,1,0,1,6.68430674520229,4,0,0,0,0,0,0
1600,16,1,2,0,0.514848194944324,15,1,2,0,0,1,0
1601,15,1,1,2,6.82095745661247,7,0,1,1,1,0,0
1602,18,1,0,2,16.0660914703606,18,1,1,1,0,1,0
1603,18,1,0,2,17.9459699149947,15,0,3,1,0,0,0
1604,16,0,2,4,10.3643663127185,12,0,0,0,0,1,0
1605,17,0,0,2,9.1100339043844,25,1,3,0,0,0,1
1606,17,0,0,3,0.616492373987405,19,0,2,0,1,0,1
1607,17,1,0,1,17.5840867517076,6,0,2,0,0,0,0
1608,18,1,2,2,0.260204268517454,15,0,3,1,1,1,0
1609,18,1,1,3,18.8950016042042,22,1,2,0,0,0,0
1610,18,1,2,2,9.78432497376181,15,0,1,0,0,0,1
1611,15,1,0,2,6.83868987149453,28,0,1,1,0,0,0
1612,16,1,1,1,18.4843686968532,11,1,3,1,0,0,0
1613,18,0,1,0,0.487819862201934,13,0,1,1,0,0,0
1614,16,0,2,2,11.6284978973817,23,1,0,1,0,0,1
1615,16,1,3,1,10.9786504899867,17,0,4,0,0,0,0
1616,17,0,0,3,4.38640802422764,26,1,4,1,1,0,0
1617,15,1,1,1,8.57774862700421,27,0,2,0,1,1,1
1618,18,0,0,4,13.0452801188754,17,0,0,0,0,0,0
1619,17,1,1,4,14.5426239376385,15,0,3,1,0,1,0
1620,17,1,0,1,0.0143371741315956,19,0,3,1,0,0,0
1621,18,0,0,1,18.7370686018203,15,0,1,1,1,0,0
1622,16,0,0,3,3.29050744785624,12,0,1,1,0,1,0
1623,17,1,1,4,4.67160868444718,25,0,3,1,0,1,0
1624,16,1,0,2,5.26946891387696,28,0,4,0,0,0,0
1625,15,0,2,1,0.756402731040706,8,0,3,1,0,0,1
1626,16,0,0,2,2.46104247180649,25,0,1,1,1,1,0
1627,15,1,0,2,19.7269984588832,27,0,2,1,1,0,0
1628,16,0,2,1,6.30433474754572,8,0,3,0,0,0,0
1629,17,1,0,2,2.30602180678098,12,0,1,0,0,0,0
1630,17,1,0,0,2.13982522349246,28,0,1,1,0,1,0
1631,15,1,1,0,14.3891993533994,3,1,1,0,0,0,0
1632,18,1,0,1,17.0913732806528,8,0,2,0,0,0,0
1633,15,0,0,1,5.13904599016939,14,0,2,0,0,0,0
1634,15,0,0,1,0.418190246704699,13,0,3,0,1,0,0
1635,16,0,3,2,4.46180036890711,18,1,3,1,1,0,0
1636,16,0,1,1,1.13031381593514,11,0,4,0,0,1,0
1637,15,0,1,1,2.06789873260083,20,1,3,1,0,0,0
1638,17,0,1,1,8.63016239695284,25,0,1,0,0,0,1
1639,16,0,0,4,4.59836741723265,24,1,2,0,1,1,1
1640,18,1,0,2,10.3189175705084,5,0,2,0,1,0,0
1641,16,0,2,2,5.0698750651438,2,0,0,1,0,1,0
1642,16,0,0,2,18.8107460220589,25,0,4,0,1,0,0
1643,18,1,0,4,18.1188793585252,24,1,0,1,1,0,0
1644,15,0,0,1,11.3361221002093,21,1,2,1,0,0,0
1645,18,0,0,2,7.08847983974772,19,0,2,1,0,1,0
1646,15,1,3,2,7.62293764069471,15,0,2,1,0,1,0
1647,15,0,0,2,8.23704566288993,29,0,3,0,0,0,1
1648,15,0,1,0,14.5515864426988,19,0,2,0,0,0,0
1649,18,0,0,2,9.03277991037675,23,0,1,0,0,1,0
1650,15,1,3,0,17.1345989301179,22,0,1,0,0,0,0
1651,17,0,0,2,18.8818957186072,16,1,4,1,1,0,0
1652,18,0,0,2,6.71892306757867,15,0,1,1,0,0,0
1653,17,1,2,1,11.2138896275136,5,0,1,0,0,1,0
1654,15,0,2,3,1.90113073665128,7,0,2,0,0,0,0
1655,16,1,0,0,4.00938095532717,18,1,1,1,0,0,0
1656,15,1,0,3,8.2693153342032,29,1,2,0,0,1,0
1657,17,0,0,2,4.12405431803557,24,0,3,1,0,0,0
1658,17,1,0,1,17.5312098157743,25,1,3,0,0,0,0
1659,18,1,0,1,3.16572512118196,1,1,3,0,1,0,0
1660,16,0,0,4,9.11321643106184,13,0,1,1,1,1,0
1661,18,1,0,0,12.1139848091975,21,0,2,0,1,0,0
1662,17,1,0,1,13.8372781632168,11,1,0,1,0,0,0
1663,15,0,1,1,7.66138739453013,16,0,0,1,0,0,1
1664,16,0,3,2,17.3819813744945,27,0,2,1,0,0,0
1665,15,0,1,2,11.3663830215585,26,0,1,1,1,1,0
1666,15,1,0,1,8.79015560895103,14,0,3,0,0,0,0
1667,16,0,0,1,1.34481268104073,17,1,3,1,1,0,0
1668,18,1,3,1,9.2937893689033,15,0,3,1,0,0,1
1669,15,1,0,1,16.4147168163146,12,0,3,1,1,0,0
1670,17,1,0,2,12.2908203644263,20,1,0,1,1,1,0
1671,15,1,1,2,16.6432490745823,16,0,2,1,0,0,0
1672,16,1,1,1,9.88023341198611,7,0,1,0,1,0,0
1673,16,1,1,1,2.36923410188963,0,1,2,1,0,0,0
1674,16,1,0,1,0.272796916717621,28,0,1,1,1,0,0
1675,18,0,0,4,6.06439093437182,24,0,0,1,1,0,0
1676,15,0,3,4,13.9598094299558,25,0,2,0,1,1,1
1677,18,1,0,3,15.8051980788338,26,0,3,1,0,0,0
1678,18,1,1,1,5.91505669240658,2,1,3,0,0,0,0
1679,16,0,2,0,9.91307841766494,15,0,2,0,1,0,1
1680,16,1,1,1,8.42237808868163,27,0,2,1,1,1,0
1681,18,0,0,1,8.21045568702855,1,0,2,1,0,0,1
1682,15,0,0,2,4.62697426400301,14,0,3,0,0,0,1
1683,17,0,1,2,2.72742210058916,0,1,0,1,0,1,0
1684,18,1,2,3,3.93377116462426,8,1,3,0,1,0,0
1685,15,1,3,3,1.10664774326692,15,1,2,0,1,0,0
1686,16,0,0,1,3.96261483647154,3,0,1,0,0,1,1
1687,16,0,0,2,0.184017952507589,11,1,0,1,0,0,0
1688,15,0,3,1,12.5451680127195,0,0,1,0,0,0,0
1689,17,0,2,0,6.32750814775365,0,1,2,0,0,0,1
1690,16,0,2,2,19.4628942285381,6,1,3,1,1,0,0
1691,16,1,0,0,3.87434101552595,17,0,2,0,0,0,1
1692,16,0,1,2,6.91657140619187,22,0,2,1,0,0,0
1693,15,1,2,1,7.15682317283066,27,0,4,1,1,0,1
1694,18,0,1,2,0.16902992124921,22,0,1,1,0,0,0
1695,16,1,0,2,16.7841590607891,14,1,1,0,0,0,0
1696,18,1,0,1,0.639889202886494,25,0,2,0,1,0,0
1697,17,1,1,3,18.8035966945848,29,0,3,1,0,0,0
1698,16,1,0,1,17.8414870218724,24,0,3,0,1,0,0
1699,16,1,0,2,10.7104383217192,12,1,2,0,0,0,0
1700,17,1,3,2,10.8719114982258,15,0,4,0,1,1,0
1701,16,0,0,2,13.0755584591231,6,0,3,0,0,0,0
1702,18,1,2,4,7.74100023869773,15,0,0,1,0,0,0
1703,15,0,0,1,12.9444456679571,12,0,3,1,0,1,1
1704,18,1,1,2,0.895367773769737,13,0,0,0,1,0,0
1705,15,1,3,2,1.08095254699453,16,1,3,0,1,0,0
1706,15,0,0,3,9.14460839239088,11,0,1,1,0,0,0
1707,18,1,0,1,10.9924460221207,28,0,3,0,0,0,0
1708,18,0,0,2,17.7563528067163,23,0,2,1,0,0,0
1709,18,0,0,2,2.09321267815792,23,0,3,0,0,0,0
1710,18,0,2,1,16.4529585438777,19,0,2,1,1,0,0
1711,17,0,3,2,4.20094674584139,12,0,3,1,0,0,0
1712,16,1,0,1,7.88167297020063,23,0,1,0,1,1,0
1713,15,1,0,2,6.33204869654825,19,0,4,0,1,0,0
1714,18,0,0,3,8.00310545730798,14,0,3,0,0,0,0
1715,18,1,2,2,3.00990996145171,23,1,1,1,1,0,0
1716,18,1,0,2,10.0714014880711,20,0,4,0,0,0,0
1717,17,0,1,2,16.0328517966273,3,1,2,1,0,0,1
1718,18,1,1,0,8.83068020757793,21,1,3,0,1,0,1
1719,18,0,1,1,9.81227151796398,1,0,3,1,0,0,0
1720,18,0,0,2,16.9753517056262,27,1,0,1,0,0,1
1721,16,1,2,1,14.1211622927606,17,0,4,0,1,0,0
1722,17,1,0,1,9.80908817039569,1,0,2,0,0,0,0
1723,18,1,0,2,5.15391296378359,24,0,1,0,0,0,0
1724,15,0,2,1,17.6985349368993,14,0,3,1,1,0,1
1725,15,0,2,1,11.5404080338111,29,0,3,0,0,0,0
1726,15,1,0,2,4.42295220221386,25,0,0,0,1,0,0
1727,17,1,0,1,5.3823950527602,18,0,1,1,0,0,0
1728,17,1,0,3,16.0626617787249,14,0,3,0,0,0,0
1729,15,1,0,3,0.882911241749109,25,0,0,1,1,1,0
1730,18,0,0,2,19.8418437405764,19,0,4,0,0,0,0
1731,17,1,0,1,2.60703359429583,9,0,3,0,1,0,0
1732,15,0,0,2,15.9213705079387,27,0,2,0,1,0,0
1733,15,0,2,3,7.89550633543365,23,0,2,1,1,0,1
1734,18,1,1,2,9.84432366574933,19,0,2,0,0,1,1
1735,16,1,1,1,17.6130115492915,10,1,2,1,0,0,0
1736,17,1,0,2,8.25822379178426,25,1,3,0,1,1,1
1737,18,0,3,3,10.7498750734646,9,0,4,0,0,0,1
1738,15,1,2,2,0.985993248183398,28,1,2,1,0,1,0
1739,15,1,2,2,0.046949477349063,22,0,2,0,0,0,1
1740,18,0,2,2,4.89599746003451,4,0,1,0,0,0,0
1741,17,1,3,2,13.6116618583753,8,1,3,0,0,0,0
1742,16,0,1,0,2.42529786718273,19,0,3,1,1,0,0
1743,16,1,0,2,2.27523917609098,18,1,3,1,0,0,0
1744,15,0,1,0,8.21921216071806,12,0,0,0,0,0,0
1745,17,1,2,2,12.9567407721645,17,0,3,0,1,0,0
1746,16,1,2,1,14.2414398449586,16,0,2,1,0,0,0
1747,17,0,1,2,3.56901348196749,26,0,3,1,1,0,1
1748,17,0,0,1,1.59176294744084,5,0,3,0,0,0,0
1749,15,1,0,2,18.8079406789108,9,0,3,1,1,0,1
1750,16,0,3,2,5.21332765124203,1,1,2,0,0,0,0
1751,18,0,1,1,17.0669299521744,23,0,3,0,1,0,0
1752,15,0,1,1,17.2698290092563,5,0,0,0,0,0,0
1753,16,0,0,1,15.4504518352508,27,0,3,0,0,1,0
1754,16,1,0,3,3.3766721330514,27,1,0,0,0,0,0
1755,16,1,2,2,16.436029185084,20,0,2,1,1,0,0
1756,16,0,1,2,15.3850111848317,12,0,1,0,0,0,0
1757,16,0,2,1,11.9344598021243,17,1,3,0,1,0,0
1758,17,0,0,2,6.74404070337905,6,0,2,0,0,0,1
1759,15,0,1,3,5.25017208533088,1,0,3,1,0,0,0
1760,17,1,0,3,2.43778424160717,28,1,3,1,0,0,0
1761,18,1,2,2,10.1951413380174,13,1,3,0,1,0,0
1762,16,0,0,0,11.7052175101969,4,0,1,0,1,0,0
1763,15,0,0,1,7.18677981031574,17,0,3,0,1,0,0
1764,16,0,1,0,9.50718135361737,10,1,2,0,1,0,0
1765,15,1,3,1,7.27028914738533,9,0,0,0,0,0,0
1766,17,0,0,1,12.820121146414,10,1,1,0,1,0,0
1767,15,1,2,1,18.0251841559312,26,0,1,1,0,1,0
1768,18,0,0,1,3.27840524093889,1,0,0,0,1,0,0
1769,18,1,0,3,7.62817619806246,14,0,2,0,0,0,0
1770,15,0,0,2,2.81737207901722,6,1,0,0,1,0,0
1771,15,1,0,3,12.4988754081566,8,1,2,1,0,0,0
1772,15,0,1,2,14.5774101897719,4,0,1,0,0,0,0
1773,15,0,0,1,18.6382546519491,6,1,1,0,0,1,0
1774,18,0,0,2,5.57743852521929,19,0,4,1,0,0,0
1775,16,1,3,1,19.0042241173086,1,0,2,0,0,1,0
1776,15,0,0,2,1.26525343641349,2,1,1,0,1,0,0
1777,15,1,2,1,12.0602772672917,1,1,2,0,1,1,1
1778,18,1,0,4,1.14265438686659,20,1,1,1,0,0,0
1779,18,0,1,1,17.8754837552388,21,1,0,0,0,0,0
1780,17,0,0,1,10.596181141401,22,0,0,1,0,0,0
1781,15,0,0,3,13.3869670152559,18,0,4,0,1,1,0
1782,17,1,0,0,16.631478518209,3,1,3,0,0,0,0
1783,18,0,0,2,3.00621244967937,23,0,3,1,0,1,0
1784,18,1,0,2,0.771831238762676,19,0,4,0,0,0,1
1785,16,1,1,3,17.577622918257,6,0,4,0,0,0,0
1786,15,0,2,4,6.29866454917865,27,0,3,0,0,1,0
1787,17,0,2,4,2.5795781585433,21,1,3,1,0,1,1
1788,18,0,1,0,9.36922474174173,6,0,2,0,0,0,1
1789,18,0,0,3,11.9661215139203,16,1,1,0,0,0,0
1790,17,0,0,2,0.619412068450202,18,0,2,0,0,1,0
1791,16,0,0,2,5.49791316514175,21,0,2,0,0,0,0
1792,18,1,0,1,0.65599748553792,15,0,4,0,0,0,0
1793,15,1,1,2,8.40670778390998,2,0,2,0,0,1,0
1794,18,1,1,4,17.9020005813248,14,0,3,0,0,0,1
1795,15,0,0,3,19.6530482298713,13,0,2,1,1,0,0
1796,17,1,0,2,12.7409510700725,14,0,1,0,0,0,0
1797,15,1,2,0,3.23275387569183,13,0,2,0,1,0,0
1798,17,1,2,1,18.1169877999861,6,0,2,1,0,0,0
1799,15,1,0,3,10.3249564640012,24,0,2,1,0,0,0
1800,17,1,3,2,3.07498624205836,2,0,2,1,0,0,0
1801,15,0,3,2,18.4345333890332,29,0,1,0,0,0,0
1802,16,0,0,0,15.149381014462,16,1,2,1,0,0,0
1803,15,1,0,2,14.634105454463,9,0,3,1,1,0,0
1804,15,1,1,2,14.183614075888,14,1,2,0,1,0,0
1805,16,1,3,3,4.00679642192884,28,1,2,0,0,0,0
1806,18,0,2,2,4.22013383415052,5,0,0,0,0,0,0
1807,18,0,0,1,13.7658599685451,27,1,1,1,0,1,1
1808,15,1,0,2,4.39445500220793,16,0,2,0,0,0,1
1809,16,0,1,0,8.77343393606097,16,1,2,0,1,0,0
1810,15,0,1,4,15.6400365118788,13,1,2,0,0,0,0
1811,17,1,0,1,15.6790503619568,23,0,3,1,1,0,0
1812,17,0,2,2,9.06523545051719,24,0,1,0,0,1,0
1813,15,0,1,1,15.8437987655049,17,0,0,1,0,0,0
1814,18,1,2,2,16.7724359239611,24,0,2,1,0,0,0
1815,18,0,2,2,13.0955150256852,4,0,2,0,0,0,0
1816,15,0,2,2,4.5685170461684,28,0,2,0,0,1,0
1817,15,1,0,1,5.48023560771095,7,0,3,0,0,0,0
1818,17,0,1,1,6.2968231081747,6,0,3,1,0,0,0
1819,18,0,0,1,2.33608215467904,22,1,1,1,0,0,0
1820,15,1,1,2,5.4631924073989,3,1,4,1,0,0,0
1821,17,1,0,0,4.19038448625064,17,0,1,0,0,1,0
1822,18,1,1,2,9.10657499617204,4,0,3,0,1,0,0
1823,16,0,0,3,18.1687509574452,15,0,3,0,1,0,0
1824,17,1,0,3,2.08960633507916,13,0,3,0,0,0,0
1825,18,0,0,2,14.4053584789479,26,1,1,1,0,0,1
1826,18,1,0,2,13.7456600882625,26,0,2,0,0,0,0
1827,17,0,2,0,1.91508397326715,18,0,2,0,1,0,1
1828,16,1,2,2,18.451448098116,13,1,1,0,0,0,0
1829,17,1,1,3,11.3694440431363,8,1,0,0,0,0,1
1830,18,1,0,1,7.27451042271368,5,0,2,0,0,0,0
1831,15,1,0,2,15.1307716699061,16,0,2,0,1,0,0
1832,15,0,0,3,5.14730916803268,18,0,3,1,0,1,0
1833,17,1,0,3,13.8701967409264,11,0,1,0,0,1,0
1834,18,1,2,1,0.794224151444944,3,1,3,1,0,0,0
1835,15,0,0,2,16.7881607521854,15,0,1,0,0,0,0
1836,18,1,0,1,8.96341694042637,24,0,3,1,1,0,0
1837,17,0,0,1,12.7338582871588,10,1,2,0,0,0,0
1838,15,1,0,3,4.42475639613367,21,1,2,1,1,1,1
1839,18,1,1,3,13.5414742531689,3,1,3,1,0,0,1
1840,15,1,1,2,15.4448055178655,16,0,1,0,0,0,0
1841,17,0,0,0,9.46426373768797,7,0,1,0,1,0,0
1842,18,1,0,3,12.3545384812358,13,0,2,0,0,1,0
1843,15,1,0,2,9.12651847644797,26,0,1,1,0,1,0
1844,17,1,0,1,17.8818273851569,1,0,2,0,0,0,0
1845,15,0,0,2,9.95738361028638,10,0,1,0,1,0,1
1846,15,0,3,0,16.8361741805763,10,0,3,0,0,0,0
1847,16,1,1,2,16.0270411654049,23,1,3,1,1,0,1
1848,16,0,1,2,8.21009642696713,21,0,0,1,0,1,0
1849,17,1,0,1,4.6016898371495,23,1,3,0,1,0,0
1850,16,1,0,1,8.12164265119541,5,0,2,0,0,0,0
1851,17,1,1,1,16.5243475155044,20,1,2,1,0,0,0
1852,16,1,1,0,4.55265071638784,20,0,2,1,0,0,0
1853,15,1,2,2,10.4887269171549,13,1,3,0,1,0,1
1854,17,1,0,3,16.1219349592149,29,0,2,0,1,1,0
1855,17,1,1,0,7.06954950256757,9,0,3,1,0,0,0
1856,15,0,0,0,12.8441927400539,25,1,1,0,0,0,0
1857,17,0,2,2,4.91263148097629,26,0,4,0,0,0,0
1858,17,0,1,3,2.18558890736319,7,0,3,1,0,0,0
1859,16,0,1,1,15.8876845018571,6,1,1,0,0,1,1
1860,17,0,0,1,1.97937246817413,7,1,3,1,0,0,0
1861,18,0,1,2,5.42762790159169,27,0,2,0,0,0,0
1862,15,0,0,1,17.1021884399488,7,0,1,1,0,0,0
1863,16,1,0,0,6.92938574157334,22,0,1,0,1,0,0
1864,16,1,0,2,19.4609069902832,1,0,0,1,0,0,0
1865,18,1,1,2,19.5946866954771,26,1,3,0,0,0,0
1866,15,1,0,2,5.36552040907113,15,0,2,0,0,0,0
1867,15,0,0,2,0.819564444997809,8,0,2,0,0,0,1
1868,16,0,2,2,14.1012656841075,12,1,1,1,0,0,0
1869,17,1,0,1,9.01973005296687,22,0,2,0,0,0,1
1870,16,1,1,1,2.01505687919152,11,0,2,0,0,0,0
1871,15,0,0,1,14.1504563795608,26,0,3,0,0,0,0
1872,18,1,0,1,0.623498182238424,21,0,4,0,1,0,0
1873,16,1,2,2,17.4039338098448,24,0,2,1,0,0,1
1874,15,1,0,3,2.77305058226607,28,0,2,1,0,0,0
1875,16,1,0,4,2.5462375749345,16,0,2,0,1,1,0
1876,17,0,1,2,3.51344595937169,26,0,3,0,0,0,1
1877,16,1,1,1,19.2053271698413,1,0,1,1,0,0,0
1878,16,1,1,1,13.8633872050769,12,0,2,1,0,0,0
1879,15,0,0,3,16.0274307092727,0,0,3,1,0,0,0
1880,15,0,0,2,7.95269971465506,25,0,0,0,0,0,0
1881,15,1,2,2,6.72625455009911,27,0,1,0,0,0,0
1882,16,0,1,2,4.68968013566339,18,0,3,0,1,0,0
1883,17,1,2,2,9.61296056624817,10,0,1,0,0,0,0
1884,18,1,2,3,11.0365746706833,4,0,2,1,0,0,0
1885,18,0,2,0,12.6354968730551,0,1,2,0,0,0,0
1886,15,1,0,2,5.14237007997389,19,0,2,0,0,1,0
1887,15,1,0,3,18.9730816180598,29,1,1,1,0,0,0
1888,16,1,2,1,3.39516996414271,12,1,4,0,1,0,0
1889,18,1,0,2,19.3130634953282,7,0,0,1,1,0,0
1890,15,0,0,1,0.297122450150075,5,0,3,0,0,0,0
1891,17,0,2,4,9.62251383633691,28,1,0,0,0,0,0
1892,17,1,2,0,6.66735676233125,16,0,2,0,1,0,0
1893,15,0,0,2,8.98246827860501,11,1,1,0,0,0,0
1894,15,1,0,1,11.4132915796157,0,0,1,0,0,0,0
1895,18,1,0,2,8.71178316025418,2,0,1,0,0,0,0
1896,18,1,2,1,8.2969370060319,13,0,2,0,1,0,0
1897,16,1,3,1,14.6544683082661,25,0,2,1,0,0,0
1898,18,1,0,2,13.7175255017292,7,0,1,0,1,0,0
1899,17,0,0,3,16.6654256407169,10,0,4,0,0,0,0
1900,17,1,2,1,4.99917962478991,26,1,1,0,0,0,0
1901,15,0,0,1,12.1905701950812,13,1,2,0,0,0,0
1902,18,0,1,2,11.703895707857,7,0,1,0,0,0,1
1903,16,1,3,2,7.39475621745377,28,1,2,0,1,0,0
1904,17,1,0,3,9.72115083805361,2,1,3,0,0,0,0
1905,17,1,1,1,6.27564286611457,6,1,2,0,0,1,0
1906,16,1,0,2,2.8368879523397,27,0,1,0,0,0,0
1907,16,1,0,1,4.27602421325465,18,1,1,1,0,0,1
1908,17,0,2,1,2.11027292802402,3,0,3,0,0,0,0
1909,17,1,0,2,13.6613915038024,24,0,1,0,0,0,0
1910,16,1,3,2,13.214547862183,15,1,2,1,0,1,0
1911,17,0,1,2,19.0121274315974,12,0,1,1,1,0,0
1912,15,0,0,1,14.5935682729448,19,0,1,1,0,1,1
1913,15,1,0,2,1.04091677512262,18,1,1,0,1,0,0
1914,16,0,0,2,17.684903478579,4,0,3,1,0,0,0
1915,18,1,0,4,17.2535032589145,22,1,3,1,0,0,0
1916,16,0,0,1,8.86640641545397,4,1,2,1,0,0,0
1917,16,0,0,1,11.7172610105584,19,0,1,0,1,0,0
1918,18,1,0,1,19.5215666494503,23,0,2,0,0,1,1
1919,18,0,2,2,10.6460872769633,3,1,2,1,1,0,0
1920,18,0,1,1,18.1064365675217,1,0,2,0,0,1,1
1921,15,0,2,3,1.66077515620372,25,1,0,0,0,0,1
1922,17,0,0,1,3.82103737417365,12,1,4,0,0,0,0
1923,15,0,0,3,8.81509886882635,29,0,2,0,0,0,0
1924,17,0,1,1,11.695136166746,15,0,4,0,0,1,0
1925,15,1,0,2,16.324557037256,21,1,0,0,1,0,0
1926,17,1,0,3,19.7652423028637,1,0,1,1,1,0,0
1927,15,0,2,1,7.77702992948232,18,0,1,0,1,0,0
1928,18,1,2,4,0.948312722801698,16,1,3,0,1,1,0
1929,16,1,1,2,16.0234300659064,4,1,2,1,1,0,0
1930,15,1,0,3,12.0876143816561,24,0,3,0,1,0,0
1931,17,0,2,2,3.97085717736403,17,0,3,0,0,0,0
1932,18,1,1,1,9.8965691324284,27,0,3,0,0,1,0
1933,15,0,2,1,14.8462049106744,22,1,3,0,0,0,0
1934,15,1,2,1,15.4082357413728,20,1,3,0,0,0,0
1935,18,0,2,0,9.99236823997524,17,1,3,1,1,0,0
1936,15,0,1,1,6.10429060257718,7,0,2,1,0,0,0
1937,16,1,0,1,19.4748516407698,26,1,3,1,0,0,1
1938,15,1,1,2,13.2672522191298,14,1,3,0,0,0,0
1939,16,0,1,2,8.16475038692597,12,0,2,0,0,0,0
1940,16,1,2,1,5.60926448409304,12,0,4,0,0,0,0
1941,18,1,0,1,14.6220596600712,15,1,0,0,0,0,0
1942,15,1,0,2,4.84366891187535,21,0,2,0,0,0,0
1943,18,0,2,1,3.43419977947376,19,0,1,1,0,1,0
1944,15,0,2,0,10.5966777792414,12,0,1,0,0,0,1
1945,15,1,3,1,5.79974785288283,19,0,3,0,0,0,1
1946,17,1,2,3,12.5781028984723,1,0,4,0,0,0,0
1947,15,1,1,3,2.35877349748466,2,0,3,0,0,0,0
1948,18,0,1,1,13.0988220913464,14,1,4,1,0,1,0
1949,16,0,2,2,5.66593055995404,22,1,1,1,1,0,0
1950,15,1,1,2,0.00485868869025463,18,1,1,0,0,0,0
1951,17,1,1,2,2.53872115348352,12,0,2,0,1,0,0
1952,18,1,0,2,18.6723075567018,4,1,3,1,1,0,1
1953,15,1,0,2,17.3470927823071,25,1,0,1,1,0,0
1954,18,1,2,1,4.67218064072473,21,0,4,1,0,0,0
1955,17,1,0,0,15.5674380909098,5,0,3,0,0,0,1
1956,17,0,0,2,12.1714318634794,13,0,4,0,0,0,1
1957,18,1,0,3,19.4180942289973,3,1,2,0,0,0,0
1958,15,0,0,2,7.47211319068118,21,0,2,0,1,1,0
1959,16,1,0,3,13.6292122503434,18,1,3,1,0,0,0
1960,17,1,0,4,1.27071444847837,22,0,3,0,1,0,0
1961,15,0,3,1,7.92494693632811,6,0,1,0,1,0,0
1962,15,0,1,2,19.2763532237636,3,1,4,0,0,0,0
1963,16,0,0,2,10.7796174890024,1,0,3,1,0,1,0
1964,17,0,0,4,5.75759006669689,26,0,0,0,0,0,0
1965,17,1,1,4,2.40541926257213,6,1,1,0,0,1,0
1966,15,0,0,2,14.0705668036306,2,1,2,1,0,0,0
1967,15,1,2,1,12.8971208685945,14,0,2,0,1,0,1
1968,16,0,1,2,7.47877427207549,0,0,3,0,0,0,0
1969,16,1,2,1,19.0188270373166,1,0,0,0,0,0,0
1970,17,1,0,2,0.444056259757006,9,1,3,1,0,0,0
1971,18,1,1,3,6.07447703263651,15,0,3,1,0,1,0
1972,17,1,0,1,18.4213897259916,24,0,1,1,0,0,1
1973,15,1,3,2,6.4187087663888,27,0,2,1,0,1,0
1974,17,1,1,2,5.0450566771034,14,1,1,1,0,0,0
1975,18,0,0,2,10.6844081986249,23,1,1,1,0,0,0
1976,16,1,0,1,16.4760349984107,14,1,2,0,0,0,0
1977,18,0,0,2,2.06293521756722,13,0,4,1,0,0,0
1978,18,0,1,3,18.8604141929147,21,1,1,0,1,1,0
1979,18,1,0,3,15.9014576236232,13,0,2,1,0,0,0
1980,16,0,1,1,3.62500511103103,5,0,1,1,0,0,0
1981,18,1,0,3,14.2401592239632,13,1,1,0,0,0,0
1982,18,0,1,2,7.69917445275114,16,0,2,0,0,1,0
1983,18,1,2,1,8.04589356152637,17,0,3,0,1,0,0
1984,15,0,2,0,15.6658018487773,19,1,0,0,1,0,0
1985,18,1,2,1,19.2556961596146,18,0,4,0,0,0,0
1986,16,1,0,3,2.53311745694387,29,0,0,0,1,0,0
1987,18,1,0,2,8.41260473757638,16,0,3,0,1,0,0
1988,18,1,1,2,9.61883216168607,15,0,3,1,0,0,0
1989,16,0,0,1,7.52623633909995,7,1,2,0,1,0,0
1990,18,1,0,2,7.2637824743245,6,0,1,0,0,0,0
1991,16,0,0,0,1.04537335123193,19,1,2,0,0,1,0
1992,18,0,0,1,13.7107724112524,27,0,3,1,1,0,0
1993,16,0,0,2,8.7242883424009,11,0,3,0,0,1,0
1994,18,1,2,1,3.89587605287853,8,0,2,0,1,0,0
1995,18,0,0,3,16.3206700460413,26,1,2,0,0,0,0
1996,15,0,1,1,16.0512149630325,13,0,3,0,1,0,0
1997,15,0,0,2,9.72783256177787,19,1,4,0,0,0,0
1998,18,1,1,2,5.96901322295521,0,0,3,0,0,1,0
1999,18,1,0,2,12.761854515929,9,1,3,0,0,1,0
2000,17,0,2,1,5.76304271554806,16,1,2,1,1,0,0
2001,16,1,2,0,4.72015860647424,16,1,3,1,0,1,0
2002,17,1,0,3,14.6102930805265,16,1,3,0,0,0,1
2003,15,0,3,1,0.806504794419014,3,0,3,1,0,1,1
2004,15,0,3,3,1.89536942069187,16,1,2,0,0,0,0
2005,15,1,2,4,0.135763480471795,17,0,2,0,1,1,1
2006,15,0,2,1,3.05886372950852,19,0,2,0,0,1,1
2007,18,1,0,1,1.37980017420918,22,0,2,0,0,0,1
2008,15,1,1,2,19.9160473555983,1,0,2,0,0,0,0
2009,18,1,0,4,5.77619939908179,7,0,3,1,0,0,0
2010,18,1,0,3,2.98536025338494,12,0,2,1,0,0,0
2011,15,1,3,2,4.81992515991835,22,0,1,0,1,1,0
2012,15,1,0,2,18.7225114308026,24,0,3,0,1,0,0
2013,16,0,2,1,10.4032044604879,29,0,3,0,0,0,0
2014,17,0,2,4,7.29636192615713,21,1,2,0,0,0,0
2015,15,1,2,4,17.4678291581843,19,1,1,0,1,0,0
2016,16,1,3,1,7.89980541098064,21,1,4,1,0,0,0
2017,16,1,0,1,6.70017139915391,14,0,3,0,0,0,0
2018,17,0,0,1,4.14565045099471,19,0,1,1,0,0,0
2019,18,1,0,1,7.55593647818822,22,1,0,0,0,0,0
2020,15,0,0,3,6.33368712033852,8,1,2,1,0,0,0
2021,17,1,0,1,13.5460791859628,2,1,3,1,1,0,0
2022,15,1,0,0,5.79165409341454,2,0,1,1,0,0,0
2023,16,0,2,1,11.5439949284512,1,0,2,1,1,0,0
2024,16,0,1,4,1.31784330063945,0,1,2,0,0,1,0
2025,18,1,0,2,3.82578313393028,13,0,3,0,0,0,0
2026,16,1,1,2,8.14810543222697,16,0,2,1,0,1,0
2027,16,1,0,1,18.7389850781739,12,1,2,0,1,0,0
2028,17,0,0,4,7.5450397143139,18,1,4,1,0,1,0
2029,15,0,2,3,13.2814824239966,29,0,1,0,0,0,0
2030,15,0,1,1,5.10174444842796,22,0,1,0,1,1,0
2031,17,0,2,0,2.54067151946463,14,1,3,0,1,1,0
2032,18,0,0,0,1.170732001601,26,0,1,1,1,0,0
2033,15,0,2,1,6.10826997085502,24,1,3,1,0,1,0
2034,16,1,1,2,3.15322053593815,13,1,0,0,1,0,0
2035,15,1,1,3,3.48020896032248,1,1,1,0,0,0,0
2036,16,0,1,2,15.215186167739,6,1,4,1,1,0,0
2037,18,1,2,3,0.316761418897484,16,0,2,1,1,1,0
2038,17,1,1,2,11.1562025147086,17,0,3,0,1,1,1
2039,15,0,1,2,7.58922761186929,5,0,1,1,1,0,0
2040,17,1,3,2,10.1309999981709,26,0,1,0,0,0,0
2041,15,0,2,1,11.256604744292,20,0,3,0,1,1,0
2042,16,0,0,1,6.26735388914556,7,0,2,0,0,0,0
2043,17,1,2,2,5.9021772036857,27,1,2,1,1,1,0
2044,15,0,0,0,14.6680369866981,26,0,0,1,1,0,0
2045,16,0,0,1,17.4255397624231,1,0,2,1,0,0,0
2046,17,0,1,2,3.85163264917055,0,0,3,1,0,0,0
2047,17,0,3,4,1.95237521070297,15,0,3,0,1,0,0
2048,15,0,3,2,17.9559161278405,6,0,3,1,0,0,1
2049,15,0,0,3,6.99790927294797,21,0,3,0,0,0,0
2050,15,0,1,2,11.0263478132562,23,0,2,1,0,0,0
2051,16,0,0,2,7.19086289040006,10,1,2,0,0,0,0
2052,15,1,3,2,2.51604672692102,14,1,3,1,0,0,0
2053,17,1,3,3,11.7866328989545,12,1,1,1,0,0,0
2054,17,1,1,2,10.5028170353925,29,0,1,1,0,0,0
2055,15,0,2,2,4.05987118382394,23,0,4,1,1,0,0
2056,15,0,2,2,9.03738089304555,1,0,0,0,0,0,0
2057,18,1,1,2,15.9389500803129,13,0,1,1,0,0,0
2058,17,1,0,1,11.8085220621578,23,0,2,0,0,1,0
2059,16,1,0,0,1.93834654133989,5,0,3,1,0,0,0
2060,18,0,1,0,10.9604299445827,8,1,2,1,0,1,0
2061,15,1,1,3,14.0547659857917,27,0,2,0,1,0,0
2062,15,1,0,1,15.854068115615,6,0,4,1,0,1,0
2063,17,0,3,1,12.5823515726853,17,0,3,0,0,0,0
2064,15,1,0,2,3.05316329081567,23,0,3,1,1,0,0
2065,16,0,1,1,14.2034653318032,8,1,0,1,0,1,0
2066,17,0,1,2,13.5468369216303,22,0,1,0,0,0,0
2067,15,0,1,1,0.488537658812664,3,0,2,0,1,0,0
2068,17,1,1,4,8.23495335180486,8,0,1,0,0,0,0
2069,15,1,0,3,6.65900493924746,3,0,0,1,1,0,0
2070,15,0,0,3,13.3882412850728,11,0,1,1,0,1,0
2071,15,1,1,2,4.32271624621841,3,1,2,0,0,1,0
2072,16,1,1,2,11.8174384594851,24,1,3,1,1,0,0
2073,16,1,0,1,18.2641192362834,29,1,3,0,0,0,0
2074,17,1,2,0,15.9560474441721,23,0,0,0,0,1,0
2075,15,0,0,0,18.4291547243306,19,0,2,0,1,1,0
2076,15,1,1,2,19.5701193386538,13,0,1,0,0,0,0
2077,16,0,2,2,0.213402540123255,23,1,2,0,1,0,0
2078,15,0,0,2,12.4548255275495,23,1,2,0,1,0,0
2079,16,1,0,0,8.25678795517813,6,1,2,0,0,1,0
2080,15,0,2,2,17.1970898067024,25,0,3,1,0,0,0
2081,17,1,1,2,5.03629404018263,12,0,3,0,0,0,0
2082,15,1,1,2,19.6205897823015,21,0,3,0,1,0,0
2083,15,0,2,2,12.2741593908749,7,0,3,0,0,1,0
2084,18,0,2,1,15.8707480445766,22,0,3,0,0,1,0
2085,16,0,3,3,1.71199105645536,4,0,3,0,0,0,0
2086,15,0,1,2,3.6691576951773,11,1,2,0,0,0,0
2087,15,1,0,1,15.168073460684,12,0,2,1,0,1,0
2088,18,1,0,1,0.439730440786472,28,0,3,1,1,0,0
2089,18,1,0,2,16.3375597178756,19,0,0,0,0,0,0
2090,16,0,1,3,0.278980373838229,13,0,3,0,0,0,0
2091,18,0,0,2,13.1423767812254,27,1,4,0,1,0,0
2092,17,0,3,1,7.30187840463611,17,0,3,0,0,0,0
2093,18,1,1,3,12.2298970543839,26,0,0,1,1,0,0
2094,17,0,1,2,13.9206281397822,23,1,2,1,0,0,0
2095,16,1,0,2,6.84950438372608,24,0,3,1,0,1,0
2096,16,0,0,2,2.15924896221671,19,0,4,0,1,0,0
2097,16,1,0,1,1.39291735496531,3,1,2,1,0,0,0
2098,16,1,0,2,11.7787204512509,20,1,3,0,0,0,0
2099,16,0,0,1,10.4131070746822,17,0,3,0,0,0,0
2100,17,0,1,4,14.8440201824226,6,0,1,0,1,1,1
2101,17,1,2,2,10.1947102000787,14,0,3,1,1,0,1
2102,16,1,2,2,8.44891580061758,20,1,2,1,0,0,0
2103,18,0,1,2,7.96174356472461,5,0,2,0,1,0,1
2104,15,0,0,3,0.528938051953349,15,1,2,0,0,0,0
2105,16,1,2,3,6.71114403393314,19,1,3,1,0,0,1
2106,18,0,2,2,19.5204031504898,23,1,3,1,1,0,0
2107,15,1,0,2,17.4711115245417,7,0,2,0,1,0,0
2108,16,1,2,2,6.58756134068435,27,0,3,1,0,0,0
2109,16,0,0,2,11.7559081013274,20,0,3,0,0,0,0
2110,17,0,2,1,16.9459349107098,15,1,3,1,0,0,0
2111,15,0,3,2,8.82548673500137,27,0,2,0,1,0,0
2112,15,0,0,1,0.359157275003019,21,0,0,0,1,0,1
2113,18,0,2,3,1.4902092363728,15,0,2,1,0,1,0
2114,17,1,1,1,10.2078544269741,2,0,3,1,1,0,0
2115,17,1,3,4,19.3887875135175,16,0,1,0,1,0,0
2116,17,0,0,2,13.8641908443773,8,0,4,0,1,1,0
2117,17,0,2,2,1.41832382877139,24,0,3,0,0,0,0
2118,15,0,0,2,3.78721751583725,2,0,3,0,0,0,0
2119,15,1,0,1,15.426462864337,19,0,3,1,0,1,1
2120,16,0,0,1,16.8287951991248,28,1,2,0,0,0,0
2121,16,0,3,0,12.3538917237718,6,1,3,1,1,0,0
2122,17,1,2,2,12.8884633925963,17,0,2,0,1,0,0
2123,17,1,2,2,0.566749007667692,11,0,3,1,0,0,0
2124,17,0,3,2,16.5706051916301,18,1,3,0,1,0,0
2125,16,0,0,1,15.7655041634165,15,0,3,0,0,0,0
2126,18,0,0,1,5.18070288206694,21,0,3,0,0,0,0
2127,18,1,0,2,14.1735343993101,26,0,0,1,0,0,0
2128,16,0,0,3,4.29709212849996,23,0,0,0,0,0,0
2129,16,0,0,2,0.806603221030259,16,0,3,0,0,1,0
2130,16,0,0,2,4.02273085180754,19,1,1,1,0,0,0
2131,16,1,0,2,3.57257753508599,14,1,2,1,1,0,0
2132,16,1,0,0,6.75495993469694,0,0,2,1,0,0,0
2133,16,0,0,4,8.36898994350916,1,0,0,0,0,0,0
2134,17,0,0,2,10.1707778299541,7,0,0,0,0,0,0
2135,17,1,3,1,9.53507751016656,21,0,3,1,1,0,0
2136,17,1,2,2,5.41349211930578,24,0,3,0,0,0,0
2137,17,1,3,1,0.583413371481489,1,0,2,0,1,1,0
2138,16,1,0,4,12.102032444743,18,1,4,0,0,0,0
2139,18,1,0,1,7.91489659694708,8,0,1,1,0,0,1
2140,15,1,2,2,5.97344314775099,8,1,1,0,1,0,0
2141,16,1,0,1,17.3388208566102,12,0,3,1,0,1,0
2142,15,1,0,2,14.9348661559631,5,0,3,0,0,1,0
2143,18,1,0,2,17.1553109674488,29,0,2,1,0,1,0
2144,17,0,0,2,9.89965589424922,14,0,4,1,0,1,0
2145,18,0,0,2,2.61862504253554,18,1,4,0,1,0,0
2146,16,0,0,3,13.9244287224254,20,0,0,0,0,0,0
2147,17,1,1,0,4.1214755987435,14,0,1,1,0,0,0
2148,16,0,0,1,8.82459338183433,17,0,3,0,0,0,0
2149,17,1,0,1,1.30001577897777,6,0,2,1,0,0,0
2150,15,1,2,4,16.5061680484596,25,0,0,1,0,1,1
2151,15,0,0,1,2.51881282095001,10,0,3,0,0,0,0
2152,15,1,0,2,18.0619501409861,7,1,2,0,0,1,0
2153,18,0,2,2,17.2846120452311,5,1,2,0,0,1,0
2154,16,0,0,1,9.29165528878492,7,0,1,1,0,0,0
2155,18,0,0,1,14.8873640860798,1,0,3,0,0,1,0
2156,15,1,0,1,12.388901476363,18,0,2,1,0,0,0
2157,16,0,0,2,16.0615128467548,15,0,1,1,1,0,0
2158,15,1,1,1,8.63610201571824,6,1,2,0,0,0,1
2159,18,0,2,0,15.716169684887,9,1,2,0,1,0,0
2160,18,0,0,3,9.24913634130296,11,0,4,0,0,1,0
2161,18,0,1,4,18.8193157568558,16,0,4,1,1,0,0
2162,15,1,1,1,9.72744201650295,6,1,1,0,0,0,0
2163,16,1,0,1,9.25238543867459,21,1,3,0,0,0,0
2164,16,1,1,0,15.7014372312702,7,0,3,1,1,0,0
2165,15,0,0,2,16.4315538352167,6,0,3,0,1,0,0
2166,16,0,0,3,11.0897822864234,3,0,2,0,0,0,0
2167,15,1,0,1,3.5959562699015,2,1,0,0,0,0,0
2168,16,1,0,1,9.35516461915159,18,0,3,1,0,0,1
2169,17,1,0,2,19.3614500581935,14,1,1,0,0,0,0
2170,17,1,2,2,15.0597238607837,3,0,1,0,0,0,0
2171,18,1,0,0,16.2232520775826,24,0,3,1,1,0,0
2172,17,1,0,2,0.656509976384802,8,0,4,0,0,1,0
2173,17,0,0,1,9.35718925268319,12,1,1,1,0,0,0
2174,17,1,2,1,12.9324226731511,17,0,3,0,0,0,0
2175,15,0,1,2,16.6006536725614,20,1,2,0,1,0,0
2176,17,0,1,3,0.985473071655429,15,0,3,0,1,0,0
2177,17,1,2,2,17.0487777128374,0,1,2,0,0,0,0
2178,18,1,2,3,10.9680187348382,3,1,1,0,0,1,0
2179,17,0,0,2,3.94627941152119,17,0,1,0,0,0,1
2180,17,1,1,2,6.345104328994,7,1,2,0,0,1,1
2181,16,1,2,2,5.63859103503121,19,0,1,0,0,1,0
2182,18,0,3,3,10.6171806857695,15,0,0,0,1,1,0
2183,18,0,2,3,1.03371359822263,20,0,3,0,1,0,0
2184,18,0,0,0,3.17072316999847,10,1,2,0,0,1,0
2185,18,1,0,3,16.2538608675156,19,1,3,1,0,0,0
2186,18,0,0,3,2.65207981493622,20,0,1,0,0,0,1
2187,18,1,2,2,4.66792538916253,20,1,3,0,0,0,1
2188,15,0,0,1,9.06741211208314,20,0,2,1,1,1,0
2189,17,0,0,3,10.3424177622666,26,1,0,0,0,0,0
2190,18,0,2,3,15.2722095922831,18,0,2,0,0,0,0
2191,17,1,0,1,8.94664853332375,22,0,0,0,1,1,0
2192,17,1,2,4,15.7972924207107,18,0,3,1,0,0,0
2193,15,0,0,0,12.3669261409091,17,0,3,0,1,0,0
2194,18,0,0,1,2.26199478847644,18,0,2,1,1,0,0
2195,16,0,0,2,3.12662876785677,10,0,1,1,1,1,1
2196,15,1,2,2,8.74067450899541,2,0,1,0,0,0,0
2197,16,0,0,2,7.93778786178079,7,1,2,1,0,0,0
2198,17,1,0,0,14.8708853927458,19,0,3,0,0,0,1
2199,17,0,3,4,11.614742795947,18,1,1,0,0,0,0
2200,15,0,0,0,7.76266162004498,9,0,0,0,1,0,0
2201,15,0,1,1,3.41520566900771,15,0,2,1,0,0,0
2202,16,0,1,0,4.5367420465099,4,0,2,0,0,0,0
2203,18,0,0,2,11.5100203693811,19,1,1,0,0,0,0
2204,16,0,1,3,8.46877609799585,8,1,2,1,1,1,1
2205,15,1,0,2,10.2985501772134,7,0,2,1,0,0,0
2206,16,0,1,3,3.41354870604467,10,0,2,1,0,0,0
2207,15,1,0,0,13.2581250468913,15,0,2,0,0,0,0
2208,16,0,1,2,17.0507748171193,6,0,3,0,1,0,0
2209,15,0,0,2,5.15879013573801,14,1,0,0,0,1,1
2210,15,1,1,2,9.83028451663653,23,0,1,1,0,0,0
2211,15,0,0,0,19.510546580418,28,0,2,0,0,0,1
2212,18,1,0,2,6.66483481101455,20,1,2,1,0,0,1
2213,16,1,0,2,11.9009268984752,19,1,2,0,1,0,0
2214,16,0,0,2,1.80391400400488,22,0,3,1,1,0,0
2215,16,1,2,2,12.1203000495888,16,0,3,1,0,1,0
2216,15,1,0,1,1.79263546609235,5,0,1,1,0,1,0
2217,16,0,3,2,19.1847087064764,14,0,3,0,0,0,0
2218,16,1,3,1,14.3132530414462,7,0,2,0,1,0,0
2219,15,0,1,3,15.7631957627141,6,1,1,0,0,0,0
2220,17,0,0,2,14.0820872154327,1,1,4,0,1,0,0
2221,15,0,0,1,11.7945807215293,29,0,3,0,1,0,0
2222,16,0,2,4,8.9982556217101,12,0,4,1,1,0,0
2223,15,1,0,2,17.1674675952212,29,0,1,0,1,0,0
2224,17,0,0,0,19.1367133508612,22,0,1,1,0,1,0
2225,15,0,1,2,9.98072345808162,28,0,2,0,1,0,0
2226,16,1,2,1,18.6307009831052,5,0,3,0,1,0,0
2227,17,0,2,3,11.6666581997703,28,0,1,0,0,0,0
2228,18,0,0,3,10.7676837379286,4,0,3,1,1,1,0
2229,16,1,1,4,9.08965465910713,19,0,2,0,1,0,0
2230,17,1,0,2,4.18575523060239,0,0,2,1,1,0,0
2231,17,1,0,2,0.0743932163611837,28,0,3,0,0,0,0
2232,18,1,2,2,4.83012453712122,17,0,3,1,0,0,0
2233,15,1,0,1,10.1944634320713,14,0,0,0,0,0,0
2234,15,1,0,2,7.59919904519505,22,0,4,0,1,1,0
2235,16,1,0,2,8.96970456005267,9,0,2,1,1,0,0
2236,18,0,2,0,19.6129643912809,2,1,0,1,0,0,0
2237,15,1,2,2,7.00544741338655,4,0,3,0,0,0,0
2238,18,1,1,3,9.04365878720215,23,0,4,1,1,0,0
2239,15,1,2,3,2.67031102705639,28,0,3,0,0,0,0
2240,17,0,0,0,0.959154648739752,12,0,3,1,0,1,0
2241,15,0,0,0,15.5081902918498,7,1,3,0,1,0,0
2242,18,1,0,1,11.4136635014395,21,1,4,0,0,1,0
2243,17,1,0,3,15.2140961208779,20,0,0,0,0,0,1
2244,17,1,0,1,2.99725597773103,28,0,3,1,1,0,0
2245,17,0,3,2,11.4365754236538,1,0,3,1,0,0,0
2246,18,0,0,1,5.07284948682751,8,0,0,0,1,0,0
2247,16,1,0,2,4.56123633800039,16,0,2,1,0,0,1
2248,16,0,0,1,0.230520281059705,26,0,2,0,0,0,0
2249,16,1,0,2,2.60681447138143,17,0,3,1,0,0,1
2250,18,0,3,1,6.1853622299939,12,0,0,0,0,0,0
2251,17,0,0,2,2.33757521181878,0,1,3,0,0,0,0
2252,16,1,0,1,19.7171688082187,11,0,1,0,0,0,0
2253,18,1,2,2,6.17265297047901,19,0,2,0,0,1,0
2254,16,1,0,3,2.60647893404656,19,0,3,0,0,0,1
2255,15,1,0,1,3.98164625655915,20,0,2,1,0,0,0
2256,16,0,0,3,11.7540645668295,4,1,2,0,0,0,0
2257,16,0,1,2,1.28087047729577,7,0,0,1,0,0,0
2258,17,0,3,1,17.2486826028231,26,1,3,1,0,0,0
2259,18,1,2,2,19.2299935847429,14,0,4,0,0,0,0
2260,17,0,0,1,4.93494841334761,26,1,4,0,0,0,0
2261,17,1,2,2,9.00190537181718,2,1,3,1,1,0,0
2262,17,0,0,2,0.442689020589941,5,0,1,1,0,0,0
2263,17,1,0,1,12.8142044945444,27,0,1,1,0,1,0
2264,17,1,0,2,8.27852116105177,12,1,1,1,1,1,0
2265,16,0,0,3,5.40116932203111,11,0,2,0,0,1,0
2266,17,1,1,3,4.13674221233216,18,0,1,1,0,0,0
2267,17,1,1,2,13.0804615531752,28,0,1,0,0,1,0
2268,18,0,3,4,8.32434062064629,17,0,3,0,0,0,0
2269,15,1,1,2,3.59318578059824,23,0,2,1,0,0,1
2270,16,1,1,1,13.7821816297364,0,0,3,1,0,0,0
2271,16,1,0,3,11.3014456607338,24,0,4,1,1,0,0
2272,16,0,0,2,17.1734410985899,26,0,3,0,0,1,0
2273,17,0,1,2,2.34951797752985,6,1,3,1,0,0,0
2274,17,1,0,2,15.7133320388891,11,0,3,1,0,0,0
2275,17,0,2,3,13.4703357363451,9,1,2,1,0,0,0
2276,18,1,0,3,2.30021873656195,28,1,0,0,0,0,0
2277,15,1,0,2,13.8964145974344,11,1,0,1,1,0,0
2278,17,1,0,1,8.8309457775966,10,1,1,0,1,1,0
2279,15,1,0,2,18.8996957111168,3,1,3,1,1,0,0
2280,18,1,0,2,2.83222701235798,18,1,4,1,0,0,0
2281,16,0,2,1,12.8566678163147,5,0,4,1,1,0,0
2282,17,1,0,2,7.63960090925891,24,0,0,0,0,0,1
2283,15,0,1,2,19.1362934118175,8,1,4,0,0,0,0
2284,15,0,0,1,6.59949790580553,19,0,2,0,0,0,0
2285,17,1,0,1,19.243718189836,9,1,3,0,1,0,0
2286,16,1,0,1,18.0297170220149,4,1,1,1,0,0,0
2287,16,0,2,3,5.40766470621312,26,0,0,0,0,0,0
2288,16,0,0,1,16.0708355365285,12,1,2,0,1,0,1
2289,18,0,2,1,19.9120840360701,8,0,3,1,0,1,1
2290,15,1,0,2,5.05326004342564,1,0,1,0,0,1,0
2291,15,0,2,1,8.73554338646639,17,0,1,1,0,0,1
2292,15,1,0,0,10.4036147313351,20,0,4,0,0,0,0
2293,18,1,1,1,5.89862271607728,0,0,4,0,0,0,0
2294,15,1,1,2,0.305296792920595,23,0,0,1,0,0,0
2295,18,0,3,2,4.40258488395053,20,0,3,0,0,0,0
2296,16,1,0,1,5.63873768683516,11,1,2,0,1,0,0
2297,17,1,0,2,8.87199402636374,9,0,2,0,1,0,1
2298,15,1,0,4,3.42204956826803,1,0,2,0,1,0,0
2299,15,1,2,1,17.4650871338334,27,0,2,1,0,0,0
2300,16,1,1,1,14.0982226546267,8,1,2,1,0,0,0
2301,17,0,2,1,1.70400955119323,1,1,2,0,0,0,0
2302,18,1,0,2,13.0018490227986,22,0,2,1,1,0,1
2303,17,1,0,2,13.0731295281124,23,0,3,1,1,1,0
2304,16,0,0,1,19.1244234728725,29,1,3,1,1,0,0
2305,16,1,3,2,0.0604174271232249,21,0,2,0,0,0,1
2306,17,0,1,0,4.95864899611614,13,0,1,1,0,0,0
2307,18,1,3,2,18.5558295875063,10,0,3,0,1,0,0
2308,18,0,0,2,18.6426783079656,22,0,3,1,0,0,0
2309,15,0,1,1,14.4117283874127,10,1,3,1,0,0,0
2310,18,1,1,2,15.3152664209507,16,0,2,0,1,0,0
2311,17,1,0,1,1.82965915859294,3,0,1,0,0,0,0
2312,16,1,2,2,10.2775166955646,12,0,3,0,0,0,0
2313,15,0,3,0,4.63165982577998,6,1,2,0,0,1,0
2314,15,0,2,3,3.62436087227234,15,1,4,0,0,1,0
2315,16,0,2,1,16.2060659824666,0,1,3,1,0,0,0
2316,18,1,0,3,2.70076273361094,12,0,1,0,0,0,0
2317,16,0,0,1,9.3730327399277,0,0,2,0,1,1,1
2318,18,0,3,2,18.7715647917206,10,1,3,0,0,0,0
2319,16,1,0,1,3.71664111130685,5,0,2,0,0,0,0
2320,17,0,2,3,19.5598684747646,19,1,2,0,0,0,0
2321,18,0,2,1,19.8857597152211,2,0,3,1,0,0,0
2322,17,1,1,1,11.112343093648,11,0,3,0,0,0,0
2323,15,0,3,2,3.40285480354315,4,0,1,1,1,1,1
2324,16,1,0,0,6.32209775881791,8,1,2,0,0,0,0
2325,15,1,0,1,8.4898566535307,25,1,4,1,0,0,0
2326,15,1,0,3,6.18648448716445,25,0,4,0,1,0,0
2327,15,1,0,4,5.61271159753031,11,0,3,1,0,0,0
2328,15,1,0,1,19.4445941843271,29,1,4,1,0,1,0
2329,16,0,0,3,3.06729654831491,29,0,2,1,0,0,0
2330,15,0,2,2,14.6665581743372,27,1,2,1,0,0,0
2331,16,1,3,1,0.00820578878349742,26,0,2,1,0,0,0
2332,16,1,0,2,11.9236533880475,9,0,1,1,0,0,0
2333,17,0,0,2,18.318860079081,18,0,2,1,0,0,0
2334,18,1,3,4,5.75868188186438,4,0,2,1,1,0,1
2335,18,1,0,1,3.71051950515438,25,0,3,1,0,0,0
2336,16,1,0,2,13.0335958975685,4,0,3,0,0,0,1
2337,17,0,0,0,14.2520281459678,8,0,3,0,0,0,0
2338,16,0,1,1,13.7606103790396,26,0,2,1,0,0,0
2339,16,1,0,0,6.38633760042748,27,0,1,0,0,0,0
2340,16,1,3,4,5.04404804318661,25,1,2,1,0,0,0
2341,17,0,0,3,19.1183759992408,26,0,3,0,1,1,0
2342,18,0,1,2,18.4659901653985,19,0,1,0,1,1,0
2343,17,1,0,2,9.1463321978564,16,0,2,1,0,0,1
2344,15,1,0,1,16.9238773230874,9,0,2,0,1,0,0
2345,17,0,1,1,9.04646955268592,20,1,3,0,0,0,0
2346,17,0,2,1,8.4877803614502,0,0,3,0,0,0,0
2347,17,0,2,1,3.13525895198589,21,1,3,0,1,0,1
2348,17,1,1,2,8.52812112983945,27,0,2,1,1,0,0
2349,18,0,3,2,10.7483387719961,15,0,2,0,0,1,1
2350,15,1,2,0,0.450086548573729,25,0,1,1,0,0,0
2351,18,0,2,0,8.88226010350812,25,1,1,0,0,0,0
2352,18,0,0,1,15.627124367904,14,1,1,1,0,0,1
2353,17,0,0,2,13.6009211274853,22,0,1,0,1,0,0
2354,16,0,0,3,12.7031397772787,16,1,1,0,0,0,1
2355,16,1,1,2,18.191108568744,25,0,1,0,0,1,0
2356,18,1,0,3,0.3606401965046,19,1,1,0,0,0,0
2357,18,0,0,2,11.1409517238446,24,0,3,0,0,0,1
2358,17,1,2,1,15.7469769681941,12,0,4,1,1,0,0
2359,18,0,2,1,10.8267076540253,0,0,3,0,1,1,0
2360,17,0,3,3,6.47791105160758,24,1,0,0,0,0,0
2361,16,0,0,2,2.72501130183955,7,1,2,0,0,0,0
2362,16,0,1,1,17.7512614363238,4,1,3,1,0,0,0
2363,15,1,0,2,9.41524784775206,5,1,1,0,0,0,0
2364,16,0,0,2,17.562303939714,22,0,3,0,0,0,0
2365,18,0,0,2,11.7170424486633,19,1,2,0,0,0,0
2366,16,1,0,3,13.4838423323,29,1,4,1,0,0,0
2367,17,0,0,2,16.085223087569,13,0,3,1,0,1,0
2368,16,0,2,2,13.1831108920026,21,0,3,0,1,0,0
2369,15,0,0,0,7.96109681357875,22,0,3,0,0,0,1
2370,16,1,2,0,10.272667678573,10,1,1,0,1,0,1
2371,17,0,1,1,16.0609104935175,5,1,1,1,0,0,0
2372,17,1,0,0,7.47300592745968,10,1,2,0,1,0,0
2373,18,0,0,2,7.76242913536994,12,1,1,1,0,0,0
2374,16,0,0,2,1.91380232116002,11,1,1,0,1,0,0
2375,17,1,1,1,18.2916887044349,21,1,2,0,0,0,0
2376,15,0,0,3,1.82072629890883,1,1,3,0,1,1,0
2377,18,0,0,1,12.9641835489711,20,0,0,1,1,0,0
2378,15,1,0,1,8.26388957605595,2,0,1,1,0,0,0
2379,16,1,1,1,8.11238780510884,22,0,2,1,0,0,0
2380,16,1,3,1,13.5910367314536,3,1,2,0,1,0,1
2381,16,1,0,1,1.34187465259757,16,0,1,0,1,0,0
2382,18,1,2,2,11.8741156590286,27,0,4,0,1,0,0
2383,17,0,1,2,15.440635719447,27,0,2,0,1,0,0
2384,18,1,3,4,16.5642551577318,21,0,2,0,1,1,0
2385,15,0,2,0,3.4106077878755,5,0,0,0,0,0,0
2386,18,0,1,1,17.9483810015634,6,0,2,0,0,1,1
2387,15,0,1,0,13.1229218369488,14,0,3,0,0,0,0
2388,18,1,2,2,17.6370960164136,10,0,1,1,0,1,0
2389,17,1,0,0,9.70561434220396,23,0,2,0,0,0,0
2390,15,0,0,3,10.840666901944,2,0,0,1,0,0,0
2391,16,1,0,2,18.3807655405734,29,0,4,0,0,0,0
2392,16,1,2,2,17.9981908670934,5,0,0,1,0,0,0
2393,18,1,2,2,8.96321746738004,25,0,3,0,0,0,1
2394,16,1,0,1,5.48825263271363,1,0,2,0,0,0,0
2395,15,0,1,1,7.86340869128528,28,1,2,1,0,0,0
2396,16,0,0,1,7.75528657059499,13,0,3,0,0,0,1
2397,17,1,0,2,5.73733749965587,8,0,1,1,1,0,0
2398,17,0,3,1,5.37159208665933,17,0,2,1,0,0,0
2399,18,1,0,1,17.2212587295943,18,0,2,0,1,0,0
2400,15,1,0,4,1.39723841369323,11,0,0,1,0,1,0
2401,17,0,1,0,13.5522236419918,12,0,3,1,0,0,0
2402,17,0,2,3,3.45640102912904,25,0,0,0,0,0,0
2403,15,0,0,2,6.89011786788126,11,0,3,1,0,0,0
2404,16,1,1,1,1.23086068269673,11,0,2,1,0,1,0
2405,16,0,1,1,5.39947273710924,17,1,1,0,0,1,0
2406,18,1,0,1,15.3684214223448,8,0,3,0,1,0,0
2407,16,0,0,2,17.7003064909451,16,1,2,0,1,1,0
2408,15,0,1,2,4.43054303804734,20,0,2,1,1,0,0
2409,17,1,0,2,9.27095678517843,15,0,2,1,1,0,1
2410,16,1,3,3,9.40648095874412,16,0,1,1,0,0,1
2411,18,1,2,2,17.4715061151946,20,1,3,0,0,0,0
2412,16,1,3,1,15.2559810575161,23,0,2,0,0,0,1
2413,15,1,0,1,10.2615443673609,7,0,1,1,0,0,1
2414,18,1,3,3,13.4149440094354,10,0,3,0,1,0,0
2415,16,1,0,1,16.9471010781873,23,0,0,1,1,0,0
2416,18,1,0,0,0.190779080510898,1,1,1,1,1,0,0
2417,15,0,0,2,8.05780062100097,7,0,2,0,1,0,0
2418,17,1,0,2,18.1448633455415,11,0,3,0,0,0,0
2419,15,1,1,3,14.806260616879,20,0,4,0,0,0,0
2420,15,0,0,2,10.8568274866814,0,0,3,1,0,1,0
2421,15,1,0,0,10.5928905407026,22,0,2,1,1,0,0
2422,15,0,1,3,6.95540195208875,12,0,3,1,1,0,0
2423,17,0,0,1,10.4104106728302,21,0,2,0,0,0,1
2424,17,1,1,1,13.107663989269,20,1,1,0,0,0,0
2425,18,0,0,2,8.36726076857586,16,0,4,1,0,1,0
2426,16,1,2,0,14.2830629278434,13,1,1,0,0,0,0
2427,17,0,2,2,17.2246445452077,13,0,2,1,1,0,0
2428,17,0,0,1,3.09369696369722,15,0,3,0,0,0,0
2429,16,0,0,2,9.03094045634848,16,0,3,0,0,1,0
2430,17,1,0,1,8.16040182570162,5,1,0,0,0,0,0
2431,15,1,2,2,13.7492960809945,25,0,0,0,1,0,1
2432,15,0,0,3,4.99734930515858,27,0,2,1,0,0,0
2433,16,0,0,1,12.8050182990455,6,0,2,0,0,0,1
2434,18,1,0,1,17.5497848346297,25,1,2,1,0,0,0
2435,18,1,0,1,8.36263199587245,25,0,2,0,0,0,0
2436,16,0,0,1,18.2203139995844,0,0,4,0,0,0,0
2437,16,0,2,2,19.8632747786695,24,0,1,0,1,1,0
2438,15,1,0,2,2.12184099895904,14,1,2,0,1,0,0
2439,18,1,0,1,4.66106375969717,19,1,2,0,0,0,0
2440,17,1,2,1,19.0075950296418,20,0,1,1,0,0,0
2441,15,1,2,1,19.1665537296277,17,0,1,0,1,0,0
2442,16,1,0,2,1.95414550773517,29,1,4,0,0,0,0
2443,18,0,0,1,0.299970007542733,27,1,3,0,0,0,0
2444,17,1,0,4,3.22200046512844,25,0,1,0,0,0,1
2445,17,0,3,2,19.9202556676449,12,1,3,0,0,0,0
2446,15,1,0,1,3.59999233221373,23,0,1,1,0,0,0
2447,18,0,3,2,10.0509521344404,29,0,3,0,1,1,0
2448,18,1,1,3,16.9683545286102,1,1,0,0,1,0,0
2449,16,1,1,2,0.408032213764126,18,0,3,1,0,0,0
2450,18,0,0,1,12.0897796451691,14,1,0,0,1,0,1
2451,18,0,0,1,5.54050897739248,11,0,2,0,0,1,0
2452,15,1,0,3,17.2466983287946,14,0,3,0,0,1,0
2453,18,1,0,2,5.66922298528158,24,1,1,0,0,1,0
2454,17,1,1,2,13.7351144056381,17,0,2,0,0,0,0
2455,15,1,3,3,13.4843926489479,13,0,0,1,1,0,0
2456,15,1,1,3,4.4298709771928,5,1,3,1,1,0,1
2457,16,0,2,3,0.695983997367002,11,0,2,1,1,0,0
2458,18,0,0,0,8.18499147570794,19,0,2,0,0,0,1
2459,16,1,0,2,5.78386303931739,22,1,4,1,0,0,0
2460,17,0,0,2,16.1795549922741,29,0,2,0,0,0,0
2461,15,0,1,2,16.0072837691069,29,1,0,0,1,1,0
2462,15,0,3,2,9.14047904385251,5,1,3,0,0,0,0
2463,15,1,1,1,12.1302445064643,25,0,3,0,0,1,0
2464,17,0,0,2,12.0851903197385,29,0,4,1,0,0,1
2465,17,1,0,2,16.5431629685524,8,1,1,1,0,0,0
2466,16,0,1,0,8.50004828246395,29,0,2,1,1,0,0
2467,16,1,0,2,5.50893359581018,24,0,3,1,1,0,0
2468,16,0,2,1,5.30069836281095,25,0,3,1,1,0,1
2469,18,1,2,1,10.723845585644,3,0,3,0,1,0,1
2470,15,1,1,0,8.98296405464425,16,0,1,0,0,0,0
2471,15,0,0,2,8.80241541969872,1,1,1,1,0,1,0
2472,16,1,0,2,1.82274678179414,15,1,1,0,0,0,0
2473,15,1,0,2,14.3720748138039,23,0,4,1,1,0,0
2474,16,1,0,2,4.27473375963821,13,0,1,0,0,0,0
2475,18,1,0,3,3.93907260417442,25,0,2,0,0,1,0
2476,18,1,1,1,8.25516640554786,7,0,2,0,0,0,1
2477,17,1,1,1,4.55556683235602,13,1,2,1,0,1,0
2478,18,1,0,3,11.6771653461603,1,1,2,0,0,0,0
2479,16,1,0,1,7.42926678668943,15,1,3,1,0,0,0
2480,18,0,0,4,8.9782344518558,3,0,2,0,1,0,0
2481,17,0,0,3,10.7433864320805,0,0,1,1,0,0,1
2482,15,1,2,2,4.07071044963609,22,0,2,0,0,0,0
2483,16,1,0,4,3.11503245731059,19,0,3,0,1,0,0
2484,15,0,0,0,17.608438057472,26,0,4,0,0,0,0
2485,17,0,0,1,8.67447405662842,13,1,3,0,0,1,0
2486,17,0,2,2,8.24187219265078,7,1,3,0,0,0,0
2487,17,1,1,1,0.712243005456829,24,1,2,1,0,0,0
2488,15,0,0,3,9.95952605174786,27,1,3,0,0,0,1
2489,15,1,1,0,11.08339443222,24,0,4,0,0,0,0
2490,15,1,2,2,11.1768174190933,2,0,2,0,1,0,0
2491,15,0,3,2,14.1406233864576,4,0,0,0,0,0,0
2492,17,1,0,2,3.54963669982023,5,0,4,0,0,0,0
2493,17,1,2,1,5.04446268461237,21,0,3,0,0,0,0
2494,16,1,3,1,16.2146093046082,25,1,2,0,1,0,0
2495,16,1,3,3,18.9434123368678,7,0,4,0,1,1,0
2496,15,0,1,1,2.71865494734641,5,0,2,0,0,1,0
2497,18,0,1,3,9.95299109010436,5,0,2,1,0,0,0
2498,18,1,0,2,4.28352505479173,3,0,3,0,1,1,0
2499,17,1,2,2,1.20146336709964,6,0,1,0,0,0,0
2500,17,0,1,2,6.5100667625227,29,0,3,0,0,0,1
2501,17,1,1,1,2.87375250368425,29,0,1,0,0,0,0
2502,16,0,0,2,14.1986614686849,23,1,1,0,0,0,0
2503,16,1,2,3,10.6745082734288,18,0,2,1,0,1,0
2504,17,1,2,2,2.87668941980621,6,0,2,0,0,0,0
2505,17,0,0,4,0.184831768110287,2,0,1,1,0,0,0
2506,17,0,2,2,16.1631409804842,7,1,4,0,0,0,0
2507,18,0,1,1,3.52388812328495,0,0,2,1,0,0,0
2508,16,0,2,1,12.1243328444153,0,1,1,1,0,1,0
2509,18,1,0,4,6.73843826153491,13,1,2,0,1,0,0
2510,18,0,0,1,11.7097187663007,5,1,3,0,0,0,0
2511,17,1,3,3,6.31307253964648,9,0,2,0,0,0,1
2512,17,0,0,3,1.73879121384508,24,0,1,1,0,0,0
2513,15,0,2,1,4.45900017115507,27,0,1,0,0,0,0
2514,15,1,0,0,3.76117132958151,13,0,2,0,0,0,0
2515,18,0,1,2,8.56038704879287,3,0,2,0,0,0,1
2516,16,0,0,1,13.1656756685231,5,1,3,0,0,1,0
2517,17,0,1,2,5.27612149892715,15,1,4,1,0,0,0
2518,17,0,0,2,0.241398706012359,27,0,1,1,1,1,0
2519,18,1,0,2,10.3787472852951,20,0,3,0,1,1,1
2520,15,1,0,2,12.1151897871794,27,1,4,0,1,1,0
2521,16,0,0,1,19.2574098800361,0,0,4,0,0,0,0
2522,15,0,3,2,11.7894160618649,5,0,4,1,0,1,0
2523,15,0,3,1,9.42345118756283,8,0,3,1,1,0,0
2524,15,1,0,1,11.468032517954,14,1,2,0,0,0,1
2525,15,1,2,2,18.5580125972405,11,0,2,0,1,0,1
2526,17,1,0,3,16.5675629120329,2,1,2,1,0,0,0
2527,17,1,1,1,6.45957466727616,10,0,3,0,0,1,0
2528,15,0,2,2,4.74508727314274,14,0,2,0,0,0,0
2529,16,0,3,2,5.25267224732147,2,0,1,0,0,0,0
2530,18,0,0,1,10.0884207943042,13,0,1,0,0,0,0
2531,16,1,2,1,14.8809890245715,1,0,3,0,0,1,0
2532,16,0,0,3,10.0643841436592,28,0,3,1,0,0,0
2533,16,1,3,2,1.35592791656225,3,1,2,0,0,1,1
2534,15,1,0,2,14.4716140087996,25,0,1,0,0,0,0
2535,17,0,1,2,16.119402573419,18,1,3,0,0,0,0
2536,16,0,1,0,5.78995730239439,11,1,0,1,0,0,0
2537,15,0,1,2,13.282514785667,1,1,2,0,0,0,0
2538,16,1,0,2,8.53183802108786,16,1,2,0,0,0,1
2539,16,1,3,2,17.7823871145488,2,0,4,0,0,0,0
2540,15,0,0,1,16.9045111632147,9,0,2,1,1,0,0
2541,17,0,1,0,10.5086399661928,15,1,2,0,0,0,1
2542,17,1,0,1,13.8301109162718,21,1,3,0,1,0,0
2543,18,0,0,4,17.666994020442,8,1,2,0,1,0,1
2544,15,1,1,2,9.91434020156551,10,0,1,0,0,0,0
2545,18,1,0,2,6.26501480977643,20,0,2,1,0,0,0
2546,18,0,0,0,15.0733227581916,14,0,4,1,0,0,0
2547,18,0,0,0,4.40132509569383,2,1,2,0,0,1,1
2548,17,0,0,2,7.77062296012084,15,0,3,0,1,0,0
2549,15,0,2,2,17.3145447421358,29,0,4,0,1,0,0
2550,18,1,2,2,14.4884468053863,20,0,3,0,0,0,1
2551,15,1,0,1,8.07622010494998,20,0,3,1,0,0,0
2552,15,1,0,2,4.29489004816714,20,0,3,0,1,0,0
2553,17,0,0,1,7.11936781664473,27,1,4,0,1,0,0
2554,18,1,0,1,5.68208298454866,11,1,4,1,0,0,0
2555,18,0,1,2,3.52178575887707,22,0,4,0,0,0,0
2556,15,0,1,1,14.8666582713131,4,0,3,0,0,0,1
2557,16,0,0,1,5.04139773700343,6,1,2,1,0,0,1
2558,17,0,0,2,9.08334940335527,8,0,1,1,1,0,0
2559,17,0,0,2,7.71718893672218,20,1,2,1,1,0,0
2560,17,0,2,3,19.6415475727126,17,0,4,1,1,1,0
2561,17,1,3,2,7.82184488296441,20,0,3,0,0,0,0
2562,18,0,0,0,1.59964965593509,7,0,2,0,1,0,0
2563,18,1,0,1,1.79651505144168,11,1,2,0,0,0,1
2564,16,1,2,4,11.8150744270612,19,0,2,1,0,1,0
2565,17,0,3,2,11.9872710347653,1,0,2,0,0,0,0
2566,17,0,0,2,8.3751798096531,9,0,3,0,0,0,0
2567,15,0,0,0,8.63687384624059,18,0,2,1,0,0,0
2568,18,1,0,2,1.07865165681742,8,0,1,0,0,0,0
2569,17,0,1,0,10.3309302077852,24,0,2,0,0,0,0
2570,16,1,0,2,10.094789507607,23,0,1,0,1,0,0
2571,16,0,0,3,2.99098637113889,7,0,4,0,0,0,0
2572,18,0,1,4,2.07678772221855,23,0,2,0,0,0,0
2573,16,1,0,2,2.47144981198981,23,0,4,0,0,0,0
2574,16,1,2,2,2.02056492982517,23,0,1,0,1,0,0
2575,18,0,0,3,12.1941639107351,0,0,1,0,0,0,0
2576,17,1,0,2,3.92965304805837,5,0,3,0,0,0,0
2577,17,1,1,0,5.02860304374926,11,0,3,0,1,0,1
2578,16,1,0,2,3.47144288302879,24,0,2,0,0,1,0
2579,16,1,3,1,19.15670608897,23,0,1,0,0,1,0
2580,17,1,1,2,17.0923492630367,18,0,0,0,1,0,0
2581,18,0,0,2,4.60989674703041,26,0,3,1,0,0,0
2582,16,0,2,2,6.55132587844252,16,0,1,1,1,0,0
2583,15,1,0,1,4.19785684609994,1,1,2,0,0,0,0
2584,18,0,3,1,9.83751918921647,10,1,3,0,0,0,1
2585,16,0,0,2,0.392210649485071,17,0,0,0,0,0,0
2586,16,1,1,3,13.4273601779359,22,0,1,1,1,0,0
2587,15,0,0,2,10.4631629963528,27,1,0,1,0,0,0
2588,15,1,0,1,17.972778566022,21,1,4,0,0,1,0
2589,17,1,2,3,3.28785368656828,10,0,2,1,0,1,0
2590,18,0,2,3,16.0821849212226,17,0,4,1,0,0,0
2591,18,1,0,1,15.8392202893343,7,0,1,0,1,0,0
2592,17,1,0,0,2.54362378433773,14,0,3,0,1,0,0
2593,18,1,2,2,7.97118448288255,8,0,1,0,0,1,0
2594,18,1,3,3,3.40305282289033,14,0,2,0,0,0,0
2595,18,1,0,4,5.09441000915097,6,1,3,0,0,0,0
2596,18,0,0,3,5.26492349661088,19,0,3,1,0,0,0
2597,18,0,0,2,11.1247278805154,12,0,3,0,1,0,0
2598,15,1,2,2,8.22821863520931,12,0,3,0,0,0,1
2599,18,1,0,0,18.9546560801261,0,0,1,1,0,1,0
2600,15,0,0,1,2.5274028389401,19,0,2,0,0,0,0
2601,18,1,2,2,19.4738426970039,3,0,2,0,0,0,0
2602,17,0,0,2,4.61277280428527,23,0,3,0,0,1,0
2603,16,1,0,2,15.457478727637,3,0,1,0,1,1,0
2604,15,1,0,2,6.77939852345642,3,1,4,0,0,0,0
2605,18,1,0,1,2.86162790834627,12,0,2,1,0,0,1
2606,17,1,0,2,17.1577837049248,1,0,3,0,0,1,1
2607,16,1,1,0,6.17721798472926,27,0,1,0,1,0,0
2608,15,1,0,2,13.1771080845368,25,0,2,0,0,0,0
2609,16,1,1,2,11.3288737017325,22,0,3,1,0,0,0
2610,17,0,2,2,9.43512618781748,14,0,2,1,0,0,0
2611,15,0,2,4,9.91638945297078,3,0,4,1,0,0,0
2612,16,0,0,1,14.6447582818457,26,0,3,0,1,0,0
2613,18,1,0,2,1.75545828246881,5,1,2,1,0,0,0
2614,15,1,0,1,13.3636132391581,2,0,3,1,0,0,0
2615,16,1,0,2,17.9162420279715,6,0,3,1,0,1,0
2616,17,1,0,3,1.15576394039728,5,0,3,0,0,0,1
2617,17,1,1,2,2.81306678467333,2,1,1,0,0,0,0
2618,15,1,0,3,14.3326387340406,3,0,2,0,1,1,0
2619,16,1,0,1,8.74563296489235,9,0,3,0,0,0,0
2620,15,0,0,3,8.07097241627376,29,1,3,1,1,0,0
2621,15,1,1,0,2.73933269088471,20,0,2,0,0,0,0
2622,16,0,0,3,10.1354008143557,8,0,1,0,1,0,0
2623,16,0,1,1,2.53090622392754,29,0,2,0,0,0,0
2624,18,1,0,1,9.5324091262108,5,1,0,0,0,0,0
2625,16,1,2,2,15.2723059792331,28,1,3,0,0,0,0
2626,17,0,2,3,5.16528715774327,19,1,3,0,0,0,0
2627,15,0,0,0,9.61572336359454,26,1,2,1,0,0,0
2628,15,1,0,1,19.8403193879367,10,1,3,0,1,1,1
2629,17,1,0,3,13.7330084670807,6,0,2,1,1,0,0
2630,16,0,0,1,16.8271354261039,17,1,3,0,0,1,0
2631,17,1,1,1,8.29695213121091,3,0,1,1,0,0,0
2632,17,1,2,2,15.3572184625171,4,0,2,0,0,0,0
2633,18,1,1,1,0.810183458826436,3,0,3,0,1,1,0
2634,17,0,2,3,2.45822365084489,3,0,1,0,0,1,0
2635,15,0,0,2,4.06141185840124,26,1,2,0,0,0,0
2636,17,0,0,2,8.03903849230439,12,0,2,0,1,1,0
2637,15,1,2,4,16.9148975665152,15,0,1,1,0,0,0
2638,15,1,0,2,6.92532101575861,24,0,1,0,1,0,1
2639,15,0,1,0,13.0924238703092,13,1,1,0,0,0,0
2640,16,0,0,1,14.1862858960696,10,0,4,1,1,1,0
2641,18,0,0,2,11.7236470817668,28,0,3,0,0,1,1
2642,15,1,3,1,7.14483936340272,1,0,2,0,0,0,0
2643,15,0,0,3,11.5410668342708,21,0,3,1,1,0,1
2644,16,0,3,2,6.84531185579492,13,0,0,0,0,1,0
2645,15,1,3,1,1.67747477104024,23,0,2,1,0,0,0
2646,17,1,2,2,19.8560795637202,23,1,1,1,0,0,0
2647,17,1,1,2,2.54364907265021,26,0,1,1,0,0,0
2648,18,0,1,3,1.44696767672114,6,0,3,1,1,0,0
2649,15,1,2,3,17.5706149841431,25,0,1,0,0,0,1
2650,16,1,0,2,6.0366932178579,10,0,3,0,1,0,1
2651,17,0,0,2,13.0059394814701,3,0,2,1,0,0,0
2652,16,1,1,2,6.58011459324465,6,0,0,0,0,0,0
2653,16,0,0,2,7.82908541588942,28,0,3,0,1,0,0
2654,17,0,0,1,5.24225944033593,15,1,2,1,0,0,0
2655,16,1,0,1,6.8608801158602,25,0,2,0,1,0,0
2656,17,1,1,2,8.21400801173086,5,0,1,0,0,0,0
2657,16,1,2,1,14.4083213818468,26,0,0,0,0,0,0
2658,17,1,0,0,10.2307238846958,5,0,4,0,0,1,0
2659,15,1,3,2,18.8713043431395,1,0,2,0,0,0,0
2660,18,1,1,0,0.83760787677551,23,0,0,1,0,0,0
2661,17,0,2,2,10.0613664526405,7,1,3,1,0,0,0
2662,17,0,1,2,11.6844957766343,29,0,1,1,0,0,1
2663,18,1,2,4,18.4039397214854,26,0,1,0,0,1,0
2664,17,0,0,2,0.983170472428551,6,1,1,0,0,0,0
2665,17,1,2,0,11.4699916987043,26,0,2,0,0,0,1
2666,16,0,0,2,17.0725985705591,24,1,0,0,0,0,0
2667,18,0,2,3,4.83855456238473,23,0,2,0,0,0,1
2668,15,0,3,4,17.5258469704787,13,0,3,0,0,1,0
2669,17,1,0,2,0.380868185485836,8,0,1,0,0,0,1
2670,18,0,0,1,14.6490925826745,14,1,2,0,0,0,0
2671,16,1,2,3,18.662264423373,24,1,2,1,0,1,0
2672,15,0,0,1,13.1439532328012,21,0,2,0,1,0,0
2673,18,0,2,2,8.78058487960896,17,0,4,1,0,0,0
2674,15,0,0,2,0.89762032945436,11,0,2,0,0,0,0
2675,15,0,0,0,18.4022762664525,22,0,0,0,1,0,0
2676,15,0,3,1,9.40592445383149,18,0,2,0,0,1,0
2677,17,1,1,1,0.57993488671896,12,0,1,0,0,0,0
2678,17,1,2,2,13.7964214265752,6,0,3,0,1,1,0
2679,16,0,0,3,9.63674507152516,24,0,0,0,0,0,0
2680,16,0,1,1,2.48690634884821,9,0,1,1,1,0,1
2681,18,0,1,3,4.28543618620519,29,1,2,0,1,0,0
2682,16,0,1,0,1.28981360911692,9,1,1,0,0,0,0
2683,15,1,1,2,11.4858707941714,1,0,2,0,1,0,0
2684,15,0,1,0,12.4405895850401,13,1,1,0,1,0,0
2685,17,1,0,3,10.1148459671088,12,0,4,1,0,1,0
2686,15,0,0,2,16.3420426600523,21,1,1,0,1,0,0
2687,18,1,2,2,17.2201764261602,28,0,4,0,0,0,0
2688,15,0,0,3,12.3124879336625,5,0,2,0,0,1,0
2689,15,0,1,2,0.25512959414861,8,1,3,1,0,1,1
2690,18,1,0,4,13.9045931149547,12,0,1,0,0,0,1
2691,16,0,1,2,8.35998433840703,8,1,3,1,0,1,0
2692,16,0,2,3,11.3111496645277,12,1,2,0,0,0,1
2693,18,0,0,2,12.9816120403776,4,1,2,1,0,0,0
2694,17,1,0,1,7.00473228654153,13,0,3,1,0,1,0
2695,15,0,0,2,18.3419701034358,4,0,2,1,0,0,0
2696,18,0,1,1,2.67949733499562,8,0,2,0,0,1,0
2697,15,1,2,2,13.4302361456207,7,1,0,0,0,1,1
2698,17,1,0,2,0.0871915991316085,6,0,1,0,1,0,0
2699,15,1,2,2,18.4930221081036,7,0,2,0,0,0,0
2700,18,0,0,0,2.25008266476183,21,0,0,0,0,0,0
2701,15,0,0,1,1.89768460295149,2,0,1,1,0,0,0
2702,16,0,3,2,6.66015266104488,22,0,1,0,0,0,0
2703,17,1,0,4,7.47132572078161,23,0,1,0,0,0,0
2704,17,0,0,1,4.28600144645757,14,1,2,1,1,1,0
2705,17,0,0,2,11.7024332185424,7,0,2,0,1,1,0
2706,18,1,0,2,8.85828196083927,0,1,4,1,0,0,0
2707,17,1,0,2,0.683511780821748,6,0,2,1,0,0,0
2708,16,1,0,1,6.39304124510601,18,0,4,1,0,0,0
2709,18,1,1,2,16.2086582714634,1,0,3,1,0,0,0
2710,16,1,0,1,13.7940306972373,13,0,4,0,0,1,1
2711,15,0,1,4,14.4974170715976,17,0,3,0,0,0,0
2712,15,1,0,1,13.9623384816704,29,1,3,0,0,0,0
2713,15,0,0,1,6.21946042766066,14,0,2,0,0,1,0
2714,15,0,1,0,1.99327844153551,13,0,1,0,1,1,0
2715,16,1,3,1,5.44934368066192,23,0,1,1,0,0,0
2716,18,1,0,2,16.6357060037031,24,1,4,0,1,0,0
2717,18,1,2,1,19.6094159556614,18,0,4,0,0,1,1
2718,17,0,1,0,9.87694029483122,29,0,3,1,0,0,1
2719,16,1,1,2,0.194007098460844,18,0,3,0,0,0,0
2720,15,1,1,0,2.80089624268458,21,1,4,0,1,0,1
2721,16,1,0,0,6.44161150632531,26,0,2,0,1,0,1
2722,17,1,0,3,11.5717069718589,25,0,3,1,0,0,0
2723,17,1,1,2,1.50187291610627,16,0,2,1,0,0,0
2724,16,0,0,3,18.8671459741976,21,1,2,1,0,0,0
2725,16,0,3,3,7.30167346568801,27,0,0,0,0,0,0
2726,16,0,0,2,18.2516843584964,18,1,2,1,0,0,0
2727,18,1,0,0,15.6104360551404,26,0,3,0,0,0,0
2728,15,1,2,2,15.1087454503116,15,0,2,0,0,0,0
2729,16,1,0,3,12.1343915956446,19,0,3,0,0,0,1
2730,16,0,1,2,12.5356763410368,24,1,2,0,0,1,0
2731,16,1,1,2,12.7600647043249,18,0,1,0,0,0,0
2732,17,1,3,1,12.5744277405116,0,1,3,1,0,0,0
2733,17,1,2,3,11.0745646279672,18,0,3,0,0,0,0
2734,18,0,1,2,19.7282803696577,6,1,1,0,1,1,0
2735,15,1,1,4,14.6458113485139,28,0,2,0,0,0,0
2736,18,0,3,1,15.5389277678504,22,0,2,0,0,0,0
2737,15,1,0,1,17.4492563016734,10,0,4,0,0,0,1
2738,17,0,0,1,4.31279525451698,4,0,3,1,1,0,0
2739,17,0,0,2,1.67608318190121,29,0,1,1,0,0,0
2740,17,0,0,1,9.65788873197197,16,0,2,1,1,0,0
2741,18,1,1,0,10.2816139123854,10,0,3,1,0,0,0
2742,16,1,1,4,16.5836355989983,23,0,3,0,0,0,1
2743,16,0,1,0,8.87567158564671,25,0,3,1,0,0,0
2744,17,0,0,3,11.4170605108862,7,0,1,0,0,0,0
2745,16,1,2,1,10.5414187702691,9,0,3,0,0,0,0
2746,16,1,0,3,0.764055675147821,11,0,3,0,0,0,0
2747,18,0,1,2,12.3042979319382,9,0,3,0,0,0,0
2748,15,1,1,3,16.560865715485,12,0,2,0,0,0,0
2749,17,1,0,3,3.15001096151607,25,1,3,0,0,0,0
2750,17,1,0,0,11.8866346785319,17,1,3,0,0,1,0
2751,18,1,0,0,11.8722108889282,9,0,3,1,0,0,0
2752,18,0,2,1,3.28369928112717,18,0,2,0,0,0,0
2753,16,1,3,2,2.46927147461472,19,0,1,0,0,0,1
2754,17,1,1,3,19.6010388595296,16,0,2,1,0,0,1
2755,15,0,0,2,7.87438339306075,19,0,2,0,0,0,0
2756,18,0,0,2,4.54843457447058,15,0,2,1,0,0,0
2757,15,1,2,1,3.42649088908749,4,0,2,1,0,0,0
2758,15,1,2,3,13.3520342716647,2,0,2,0,0,1,0
2759,17,1,0,4,12.1889059465455,29,0,3,0,0,0,0
2760,17,1,0,1,12.8710424597483,26,0,1,0,1,0,0
2761,18,0,2,2,1.76012055022904,14,0,2,0,0,0,0
2762,17,0,0,0,17.8706916699687,25,0,3,0,0,0,0
2763,17,0,0,2,7.78532793618096,1,0,2,0,1,0,1
2764,17,1,0,2,6.26738812860715,12,1,2,0,0,0,1
2765,15,1,1,1,9.24722894495478,21,1,2,0,1,0,0
2766,18,1,2,2,7.80132131495256,7,0,2,0,0,1,0
2767,16,1,3,1,17.2715400627829,22,0,1,1,0,0,0
2768,15,0,1,2,18.5852195039578,26,0,2,0,0,0,0
2769,17,0,1,2,6.06906432899212,29,0,4,1,1,1,1
2770,15,1,0,0,17.278716149199,16,0,2,0,0,0,1
2771,17,0,1,2,15.6304625906613,3,0,0,1,0,0,0
2772,17,1,0,2,18.6161534468952,18,0,3,0,0,0,0
2773,15,1,1,1,4.91500624371775,21,0,2,0,0,0,0
2774,18,0,0,0,11.5391830024195,24,1,1,0,0,0,0
2775,17,1,0,2,5.49089169480889,8,1,3,0,0,0,1
2776,18,1,0,4,16.4818898096874,22,0,1,0,0,1,0
2777,16,0,0,1,0.106483811421285,14,0,4,0,0,0,0
2778,17,1,0,1,11.2963832577279,27,0,2,0,1,0,0
2779,18,1,0,1,6.78406862543836,8,1,3,0,0,1,0
2780,18,0,3,2,6.4536741415564,23,1,2,0,1,0,0
2781,16,1,0,1,12.8981264772983,20,1,1,0,0,1,0
2782,18,0,1,1,17.0296889862798,8,0,3,0,0,0,0
2783,18,1,2,2,12.1839078278665,13,1,4,1,0,1,0
2784,16,0,3,2,17.0634595729344,22,0,3,0,0,0,0
2785,17,0,1,1,5.29194223762059,20,1,3,1,0,1,0
2786,18,0,2,2,10.3900370952996,15,1,4,0,1,0,1
2787,18,1,0,2,9.01073078134152,23,0,1,0,0,0,0
2788,18,0,0,0,0.232897990061924,22,0,0,0,0,0,0
2789,15,0,0,0,11.1362428628148,24,1,0,0,0,0,0
2790,16,0,1,3,13.2304864829234,25,0,3,1,0,0,0
2791,15,0,1,0,11.8382880883814,16,0,3,0,0,0,0
2792,16,0,0,2,14.7255979756684,12,0,3,1,1,0,0
2793,17,1,0,3,11.4267905690615,8,0,4,0,0,0,1
2794,17,1,1,1,1.33500509701513,14,0,3,0,0,0,0
2795,18,1,0,1,2.32891048169422,6,0,2,0,0,0,0
2796,16,1,1,2,11.929491550879,0,0,1,0,0,0,0
2797,17,1,1,3,5.4995838394728,0,0,4,0,1,0,0
2798,16,1,2,3,1.59290258069531,4,0,1,0,0,1,1
2799,17,1,2,2,8.59205486897093,23,0,2,0,0,0,0
2800,15,0,2,0,11.0864519616731,8,0,2,1,1,0,0
2801,17,1,0,2,6.57491976699213,11,0,1,0,0,0,0
2802,15,0,2,2,14.4086740445155,5,0,3,1,0,0,0
2803,17,0,1,2,12.8754121620248,27,1,1,0,0,0,0
2804,18,1,0,0,6.65636722183343,12,0,4,0,0,0,0
2805,15,0,0,1,15.0974505781712,25,1,2,1,0,0,0
2806,17,0,0,2,12.9739008506607,27,0,3,1,0,1,0
2807,18,0,0,2,12.748907574358,7,1,3,0,1,0,0
2808,15,0,1,1,11.0685540157413,14,0,3,0,0,0,0
2809,18,1,2,1,0.227793361771055,5,0,4,0,0,0,0
2810,16,1,0,3,13.9301436695377,26,0,1,1,0,0,0
2811,16,1,0,2,7.52083582218312,5,0,0,0,0,0,0
2812,15,1,3,1,18.8521942031731,3,0,0,1,0,0,0
2813,17,1,0,1,16.3596954215441,10,0,3,0,1,0,0
2814,15,1,0,1,11.7538893906262,20,0,4,0,0,1,0
2815,18,1,1,3,5.04363963638538,29,1,2,1,0,0,0
2816,17,1,1,2,4.07434786555333,17,0,3,1,0,0,0
2817,16,1,0,2,6.80769675355098,2,0,0,0,1,0,0
2818,17,1,0,2,9.53135887160037,2,0,1,1,0,0,0
2819,16,0,0,1,5.92131020077894,29,0,3,1,0,0,0
2820,17,1,1,3,10.2985899078496,11,1,0,1,0,0,0
2821,17,0,1,2,3.30740851026371,26,1,2,1,1,0,0
2822,17,0,0,1,19.5542562565099,20,1,3,0,1,0,0
2823,18,0,1,1,2.15849109929987,29,1,3,1,1,1,1
2824,18,0,2,2,18.6388827930874,20,0,2,1,1,0,0
2825,15,1,0,3,18.2715602280538,5,0,3,0,0,1,1
2826,15,0,0,1,10.5072096363899,20,0,2,0,0,0,0
2827,16,1,1,3,14.4982054367216,27,1,0,0,0,0,0
2828,18,1,0,2,8.72096595945175,5,1,3,1,0,0,0
2829,16,0,0,1,12.6006915508487,7,0,1,1,0,0,1
2830,15,1,1,0,6.81151874842237,14,0,0,0,1,0,0
2831,16,0,2,1,6.0231803957089,17,1,2,0,0,0,1
2832,15,0,2,2,11.5645957233902,19,0,3,0,0,0,0
2833,18,1,1,1,9.9625934836796,28,1,1,0,1,0,0
2834,17,1,2,1,11.5907273829996,15,0,0,0,0,0,1
2835,18,0,0,2,5.73321162574045,5,0,1,0,0,0,1
2836,16,1,1,2,7.3391566363399,27,0,2,1,0,0,0
2837,16,1,0,1,1.67795921257818,20,0,2,0,0,0,0
2838,18,1,0,2,1.04552744544411,16,0,1,1,1,0,0
2839,18,0,2,2,5.06914259346032,8,0,3,0,0,0,0
2840,15,0,1,2,1.48493718661091,18,1,3,1,1,0,0
2841,16,1,0,3,2.07549417269481,17,0,3,0,0,0,0
2842,16,1,3,1,16.2585681078787,24,1,2,1,0,0,0
2843,18,1,0,3,0.777473940333786,22,0,2,0,0,1,0
2844,17,1,0,2,13.1788558786948,4,1,2,0,0,0,0
2845,16,1,0,2,5.45115497630801,27,0,2,0,0,0,0
2846,17,0,2,2,17.4309136141625,5,0,0,0,0,0,0
2847,18,1,2,2,9.69984569154999,11,0,3,1,0,0,1
2848,18,0,0,1,6.11152918655651,10,0,2,0,0,0,0
2849,15,1,1,2,10.3527787137886,15,1,1,1,0,0,0
2850,16,0,0,2,7.63916038090537,19,0,1,0,0,0,1
2851,17,1,2,2,11.2860212933966,16,0,1,1,0,1,0
2852,15,0,0,1,2.29065736652696,19,1,4,0,0,0,0
2853,16,1,0,3,19.939810056251,8,0,1,0,1,0,1
2854,15,0,3,2,8.51111755393435,0,1,3,0,1,0,0
2855,18,0,0,0,6.96461279414737,25,0,2,1,1,0,1
2856,16,0,0,2,14.2041969663252,2,1,3,0,1,0,0
2857,15,0,1,2,7.27798812990665,20,0,2,0,0,0,0
2858,15,0,3,2,16.6654861005751,22,1,4,0,0,0,0
2859,17,0,0,2,9.0854144872085,8,0,1,0,1,1,0
2860,15,1,0,3,14.3911682653086,21,0,2,0,0,1,1
2861,16,0,0,1,2.14906432883773,18,0,1,0,0,0,0
2862,16,1,1,2,16.9223837111022,12,0,2,1,1,0,0
2863,17,1,0,3,14.7143597355621,22,0,2,1,0,1,0
2864,16,1,1,3,4.23433556923931,13,0,3,1,0,0,0
2865,18,1,3,2,2.90572019491573,19,0,2,0,0,0,0
2866,16,1,0,3,6.32584697451248,18,1,0,0,0,1,0
2867,16,0,0,0,19.521411720638,29,0,3,1,1,0,0
2868,15,0,0,3,5.13663149134117,22,1,2,0,0,0,1
2869,15,0,0,1,9.12254417893266,26,0,1,0,1,1,0
2870,16,1,2,1,0.600404514346726,26,0,4,1,1,1,0
2871,17,0,0,1,7.94455059132465,6,1,4,0,0,0,0
2872,15,0,0,2,11.426400308662,3,1,3,0,0,0,0
2873,17,0,1,1,19.0624922501593,11,0,3,0,0,0,0
2874,16,0,0,1,10.3347208988012,22,0,0,0,1,0,0
2875,16,0,1,1,16.3821465235537,26,0,4,0,0,0,0
2876,18,1,0,1,10.942552851378,13,0,2,0,1,0,0
2877,15,0,2,2,0.815700268710362,1,0,1,0,0,1,1
2878,16,1,3,2,6.30016550379548,0,0,3,1,0,1,0
2879,18,1,1,1,11.510990156622,27,0,1,0,1,0,0
2880,15,1,3,2,19.0118793186224,17,0,2,1,0,0,0
2881,16,1,0,3,17.1826071950246,19,1,1,0,0,0,0
2882,16,1,0,2,4.56711228357695,7,1,2,1,0,1,0
2883,15,0,1,1,4.40219660038327,2,0,2,1,1,0,1
2884,15,0,1,2,4.02345934227801,25,0,2,1,1,1,0
2885,15,0,0,1,18.44997792605,5,0,0,1,1,0,1
2886,16,1,0,1,17.0533230620344,21,1,2,0,0,0,0
2887,16,0,0,1,15.4976686450589,12,0,2,0,0,1,0
2888,18,0,0,3,7.85470228448455,8,0,1,0,0,0,0
2889,17,1,0,1,10.0876140859753,8,0,4,0,0,0,1
2890,15,1,2,0,9.28663489590305,19,0,2,0,0,0,0
2891,16,1,0,1,5.06796215118745,8,0,3,0,0,1,1
2892,16,1,0,3,10.1005609229753,14,1,1,0,0,0,0
2893,15,0,1,2,0.609930957055089,12,0,2,1,1,0,0
2894,17,1,1,1,2.63620746994918,21,0,1,1,1,0,0
2895,15,1,2,2,17.7317919233789,15,0,2,0,1,0,0
2896,17,0,1,2,15.0335953406284,1,0,1,0,0,0,0
2897,16,0,0,2,8.45736818118174,25,0,2,1,0,0,0
2898,17,1,2,1,10.3430072456775,13,0,2,0,0,1,1
2899,18,0,1,3,7.39997771919954,26,0,1,0,0,0,0
2900,16,1,0,1,14.8155973432134,5,1,3,0,0,0,1
2901,18,1,1,2,15.6837435846415,1,1,4,0,1,0,0
2902,15,0,3,0,15.2657038040631,7,0,1,0,0,0,0
2903,15,0,0,1,14.4522344966889,3,1,3,1,0,0,0
2904,15,1,0,1,4.09008677385591,20,1,3,0,0,0,0
2905,17,1,0,2,6.75939958480957,23,0,2,0,0,1,0
2906,16,1,0,0,9.3969086996735,13,0,3,1,0,0,1
2907,15,0,0,2,6.61585982855311,10,0,4,1,0,0,0
2908,15,1,1,1,15.0988040031665,23,0,2,0,0,0,1
2909,16,1,0,2,6.58707048499909,27,1,3,1,0,0,1
2910,15,1,3,3,2.76464173570674,13,0,3,1,0,0,0
2911,18,1,2,2,7.98080904096608,11,0,2,1,0,1,0
2912,16,1,1,2,19.5982886556476,15,0,2,1,0,0,0
2913,16,0,2,2,4.51762825867151,5,0,4,1,0,0,0
2914,16,1,0,1,12.2431731788645,19,0,3,0,1,0,0
2915,18,1,0,3,8.65946099679412,0,0,1,1,0,0,0
2916,16,1,1,1,1.42049135298653,11,0,1,1,0,1,0
2917,18,1,2,2,9.75753211996119,6,1,4,0,1,0,0
2918,16,0,2,2,14.0432865729662,7,1,0,0,0,0,0
2919,17,0,0,1,10.2643995165563,8,1,3,1,1,0,0
2920,15,0,3,1,17.4421212749316,1,1,1,1,1,0,0
2921,17,1,0,2,5.77874033315165,16,1,0,0,0,0,1
2922,15,1,2,3,1.72498342607929,19,0,0,0,1,0,0
2923,18,0,3,3,18.7313122331601,12,0,2,1,0,0,0
2924,17,0,0,2,7.56392699056438,4,0,0,0,0,0,1
2925,16,0,2,2,11.5281110290726,9,0,2,0,1,0,0
2926,15,1,0,3,15.8400625226039,11,0,3,0,1,0,0
2927,15,1,0,0,6.48627327751161,16,1,2,0,0,1,0
2928,17,0,1,1,14.3232907635522,20,0,3,1,0,0,1
2929,18,0,1,2,2.70837699635656,5,0,2,0,0,0,1
2930,17,0,3,3,5.8258749441101,2,0,2,0,0,0,0
2931,18,1,1,3,2.89421272273039,27,0,2,0,0,1,0
2932,18,1,0,2,16.2246111680271,14,1,2,0,1,0,0
2933,15,1,2,0,4.4529847045357,6,0,4,1,0,0,0
2934,17,0,3,2,14.3480711081042,29,0,3,0,0,0,0
2935,17,0,0,1,18.865967944913,5,0,2,0,0,0,0
2936,18,1,3,1,10.5554441813775,3,1,3,0,0,0,0
2937,17,0,0,2,10.8005838452137,18,0,2,0,0,0,0
2938,16,1,2,0,9.22067136195624,4,0,1,1,0,0,0
2939,16,0,0,3,6.51780286787285,2,1,2,0,1,0,0
2940,17,0,0,2,9.51310061849834,25,0,3,1,0,0,0
2941,17,0,0,2,12.0561506453351,24,0,2,0,0,0,1
2942,18,0,1,0,19.7198314434131,8,0,3,0,1,0,0
2943,16,1,0,1,18.7552911863644,5,1,2,1,0,0,0
2944,16,0,0,0,17.2430591658624,12,0,2,1,0,0,0
2945,15,1,1,4,17.7826107140971,26,0,4,1,1,1,0
2946,18,1,3,3,9.35698366584086,21,0,2,0,0,0,0
2947,15,1,0,2,13.1488865435492,27,0,3,0,0,0,0
2948,16,0,0,1,17.9013344587242,29,0,3,1,1,1,0
2949,18,1,0,3,7.85901529982706,19,0,4,0,1,1,0
2950,17,1,0,1,19.2352495669093,3,0,0,1,0,0,0
2951,18,1,2,1,8.31572124138366,1,0,1,1,0,1,1
2952,17,0,2,2,12.0216533078643,25,0,3,1,0,0,0
2953,17,0,1,3,14.1960942654474,3,0,2,1,0,0,0
2954,18,1,0,0,19.0118402615187,7,0,2,0,0,0,0
2955,17,0,2,1,4.89232548104532,12,0,1,1,1,0,0
2956,15,1,1,3,14.9226195647728,9,0,1,0,0,0,1
2957,16,1,2,1,10.4163117228816,17,1,2,0,0,0,0
2958,17,0,1,1,5.37114281241282,8,0,1,0,0,0,0
2959,15,1,2,2,15.5321367959278,29,0,1,0,1,0,0
2960,17,0,1,3,11.0444456034769,0,0,0,1,0,1,1
2961,16,0,0,2,13.2194764129935,12,0,1,1,0,0,0
2962,15,1,3,4,6.45802137155802,17,1,3,0,1,0,0
2963,16,0,1,2,9.6254790365521,14,0,3,0,0,0,0
2964,16,0,1,0,12.3470850197613,1,0,0,1,0,0,1
2965,15,1,0,4,8.09821628539688,10,0,1,1,0,0,0
2966,15,1,1,2,3.96745079695402,28,0,2,1,1,0,0
2967,15,0,1,1,19.232809846306,13,0,2,1,1,0,0
2968,18,0,0,2,10.2293508008523,21,0,3,1,0,1,0
2969,15,1,0,1,14.678407405754,14,1,3,0,0,0,0
2970,15,0,1,0,8.22094387112116,13,1,3,1,0,0,0
2971,15,0,2,0,7.10263528051432,15,0,2,1,0,0,0
2972,15,0,1,2,8.1432859693425,22,0,2,1,1,0,1
2973,17,0,0,3,8.18393287571299,28,1,3,0,0,0,0
2974,18,0,1,2,10.883602318839,14,0,0,1,1,0,0
2975,16,0,0,4,10.8693973996272,18,0,0,0,0,0,0
2976,15,0,0,1,9.94307631765743,26,1,0,0,1,1,0
2977,17,1,0,1,2.69571569834876,8,0,2,1,1,0,0
2978,17,1,0,1,9.92150957001062,4,0,1,0,0,0,0
2979,17,1,0,1,3.38207800841302,4,0,1,0,0,1,0
2980,16,1,0,1,2.5227157259153,10,0,3,1,0,0,0
2981,15,1,0,2,18.6529143468233,27,1,4,1,1,1,1
2982,18,0,0,3,12.099000262954,19,0,1,1,0,1,0
2983,18,0,1,4,13.1898011624916,24,1,2,0,1,1,0
2984,17,0,0,1,8.03587340666727,23,0,1,1,0,0,0
2985,16,0,0,3,18.1796178382972,27,0,4,0,0,0,0
2986,16,1,2,1,12.7586097915933,3,0,1,1,0,0,1
2987,16,0,0,1,15.3833973904717,19,0,3,0,1,0,0
2988,18,0,1,3,7.37124938055427,17,0,1,1,0,0,0
2989,17,1,0,2,19.2002376163825,24,0,3,0,0,0,0
2990,15,0,0,1,16.4092258031663,2,1,1,1,1,0,0
2991,18,0,1,2,17.0789692602908,3,1,1,0,1,0,0
2992,17,1,1,1,3.44388534851508,13,0,1,1,1,1,0
2993,17,0,2,2,5.41926415742439,6,0,1,0,0,0,0
2994,15,0,1,2,5.71253199367154,25,1,3,1,0,0,0
2995,15,0,3,4,5.41818446493742,7,0,3,0,0,0,0
2996,15,0,0,0,17.1081632420857,23,0,2,0,1,0,0
2997,16,0,0,1,0.637695904171842,15,1,4,1,0,0,0
2998,15,1,0,2,1.52199977961548,19,0,2,1,0,0,0
2999,17,1,0,2,5.47829741259807,14,0,4,0,1,0,0
3000,15,1,1,1,3.99745949298887,6,0,1,0,0,1,0
3001,17,1,1,2,4.63719227765696,25,0,4,1,0,1,0
3002,18,1,0,3,15.958863785066,16,0,0,1,0,0,1
3003,16,1,3,3,11.2625318778409,21,0,2,0,0,0,0
3004,18,0,2,3,0.115413225859359,21,1,2,1,0,0,0
3005,18,1,0,3,8.5864553140839,21,0,2,1,1,0,0
3006,17,1,0,2,8.15769853700717,11,0,2,0,1,0,1
3007,18,0,0,3,2.27890538889087,17,0,2,0,0,1,0
3008,17,0,0,1,13.5228357720291,23,1,4,1,0,0,0
3009,15,1,0,1,14.0419437675898,13,1,4,1,0,0,0
3010,15,0,1,1,14.4178643810419,14,1,4,1,1,0,0
3011,17,1,0,2,14.5694189111718,14,0,4,0,0,1,0
3012,15,0,0,1,0.00105653864593602,4,1,3,0,1,0,0
3013,16,1,3,4,19.0784160769344,15,0,4,0,1,0,0
3014,18,0,1,1,16.2841753410932,4,0,3,1,0,0,0
3015,16,0,3,0,18.0796339317857,1,0,2,0,0,1,0
3016,18,1,0,2,0.312865906148682,19,0,3,0,0,0,0
3017,15,1,0,0,18.6771759157147,27,1,4,0,0,0,0
3018,16,1,1,1,16.195770573762,24,0,3,0,0,0,0
3019,15,1,0,1,16.7443828591739,8,0,2,0,0,0,0
3020,18,1,0,2,1.86574769443937,21,0,0,0,0,0,1
3021,17,0,1,2,14.7755605783719,26,0,3,1,0,1,0
3022,17,1,1,2,19.1983337928418,8,0,4,0,0,0,0
3023,16,1,0,2,13.5709468283632,3,0,2,0,0,0,0
3024,15,0,0,2,11.4112280924921,14,0,1,0,0,0,0
3025,15,0,0,1,18.9125935549799,10,0,2,0,1,1,0
3026,16,1,0,1,8.85874243468872,0,1,2,0,1,1,0
3027,17,0,0,2,11.9858713262095,17,1,2,0,0,0,0
3028,18,0,0,0,9.52676586988732,28,1,3,0,0,0,0
3029,16,1,0,0,18.6569244272059,0,1,4,1,0,0,1
3030,18,0,3,2,1.52169453531014,7,0,3,0,0,0,0
3031,17,0,1,2,10.0223940165069,24,1,2,0,0,0,0
3032,15,1,2,1,13.7390488277087,15,0,4,1,1,0,0
3033,17,1,0,1,15.8381307684447,25,1,2,0,0,0,0
3034,16,0,0,3,11.6603729488827,27,0,1,1,0,0,0
3035,15,0,0,3,18.178354882429,21,1,2,0,1,0,0
3036,16,1,0,2,18.8398289376774,17,0,3,0,0,1,0
3037,16,0,0,2,1.28638446387167,21,0,3,0,0,0,0
3038,17,0,2,2,8.04741079082748,8,0,4,1,1,0,0
3039,16,0,1,4,0.469180434423088,11,0,2,0,0,0,0
3040,17,1,1,4,6.58833314748885,18,1,1,0,0,0,0
3041,15,0,0,1,10.737364359412,24,0,0,0,1,0,0
3042,17,0,3,3,18.2158986101989,17,0,3,0,1,0,0
3043,15,1,0,1,16.931086449308,26,1,3,1,1,0,0
3044,17,0,0,1,2.54999453343971,4,0,2,0,1,0,0
3045,18,0,0,2,1.86060749481791,26,0,2,1,0,0,0
3046,18,1,2,2,11.7853467751333,1,0,4,0,1,0,0
3047,16,1,3,3,10.6423594491756,6,0,4,1,1,0,0
3048,17,1,0,0,5.32755282860047,26,1,1,0,1,0,0
3049,17,1,2,2,17.9890616910767,9,1,3,1,1,0,0
3050,15,0,2,3,18.547328189231,14,1,3,0,0,1,0
3051,16,0,0,3,8.05222876680325,24,0,1,1,1,1,0
3052,17,1,0,1,17.8060511422704,6,0,2,1,0,0,0
3053,16,1,0,1,7.67897788525945,27,0,1,0,0,0,0
3054,18,0,3,2,14.736336636594,4,1,1,1,0,0,0
3055,17,1,0,1,9.51884435095448,14,0,3,1,1,0,0
3056,17,0,2,4,2.45166313014365,19,0,2,1,0,0,1
3057,16,1,0,3,18.5586840247404,27,0,2,0,1,0,0
3058,17,0,2,1,9.08193186755073,19,0,2,0,0,0,0
3059,16,1,0,1,14.689740806448,14,1,0,1,0,0,0
3060,17,1,1,0,7.34347628862584,9,0,3,0,0,0,1
3061,15,0,2,3,0.377617571524693,23,0,2,0,0,0,1
3062,16,1,2,1,2.01060717383671,25,0,2,1,1,0,0
3063,17,0,2,2,9.92438958979848,28,1,4,0,0,0,0
3064,18,0,0,2,13.7992871425272,25,0,2,0,0,1,0
3065,17,0,1,2,6.69470653158558,13,0,3,0,0,0,0
3066,18,0,0,0,13.909769183553,25,0,2,1,0,0,0
3067,18,0,0,1,13.9727117886391,25,0,3,1,0,0,0
3068,15,1,1,3,14.0787181465566,9,1,3,1,0,0,0
3069,16,1,0,3,9.85043708041016,16,0,1,1,0,0,0
3070,17,0,1,2,18.29772300243,20,1,3,0,0,1,0
3071,15,1,3,0,9.78393035961231,13,0,0,0,0,0,1
3072,17,0,0,1,9.00530386993276,1,1,4,0,1,1,0
3073,18,1,1,2,3.98761638021253,15,1,2,0,1,1,0
3074,16,1,0,1,6.15310174712673,12,0,3,0,0,0,0
3075,17,1,0,3,0.846689850366066,26,0,2,1,0,0,1
3076,17,1,0,2,12.6707058723234,8,0,3,1,0,1,0
3077,18,0,3,0,4.97071487854185,6,0,4,0,0,0,0
3078,17,0,2,3,6.0831050897093,15,0,3,1,0,0,0
3079,17,1,3,4,15.4162904332864,9,0,1,1,0,0,0
3080,18,1,3,0,6.54442366322907,23,1,2,1,0,0,0
3081,15,0,0,2,4.84391784026284,21,0,2,0,1,0,0
3082,18,1,0,1,3.38115498267411,8,1,2,0,1,0,0
3083,15,0,1,1,15.4971680436391,21,0,2,0,0,1,0
3084,16,0,0,1,2.59412515980053,22,0,2,0,0,0,0
3085,15,0,0,2,9.07507520500707,6,1,2,0,0,1,0
3086,15,1,0,4,10.1386023215438,15,0,1,1,0,0,0
3087,16,0,1,2,13.7477982537142,8,0,2,0,0,0,0
3088,15,1,1,0,12.6656696466599,26,1,1,0,1,1,0
3089,18,0,0,2,16.2144134589034,23,1,1,0,1,0,0
3090,15,1,0,1,0.895028678524763,28,0,3,1,0,0,0
3091,16,1,1,3,5.92881449558794,16,0,0,0,1,0,1
3092,18,1,1,2,5.60268237550759,19,0,2,0,0,0,0
3093,16,0,0,1,2.92033811184216,6,0,2,1,0,1,0
3094,16,0,2,1,5.78356507712886,10,0,2,0,0,0,0
3095,17,1,0,2,6.19530628285806,7,0,3,1,0,0,0
3096,17,1,0,1,10.4376892385495,6,0,2,0,1,0,0
3097,16,1,2,2,13.2740895785251,27,1,1,0,1,0,0
3098,16,0,1,1,7.62201027223628,18,1,3,0,0,0,0
3099,16,0,0,1,14.3894046262676,19,0,4,1,1,0,0
3100,17,0,1,2,6.72330677159159,11,0,0,1,1,0,1
3101,17,0,1,3,5.8056735462952,6,0,2,0,0,0,0
3102,15,1,2,3,10.8237611171404,7,0,2,0,0,0,0
3103,15,1,2,1,0.474327206115812,6,0,1,0,1,0,0
3104,16,0,1,1,1.59578247268,5,0,2,1,1,1,0
3105,18,0,0,1,8.35939087173054,24,0,3,0,0,0,0
3106,18,1,0,2,18.8582542278351,8,1,1,0,0,1,0
3107,17,0,0,2,14.4302355968684,26,1,4,0,0,0,0
3108,17,0,0,3,1.76253139001115,12,1,2,0,1,0,0
3109,17,0,1,3,16.9263602556174,6,0,2,1,1,0,0
3110,16,0,1,1,14.6460154121636,7,0,3,1,0,0,0
3111,18,0,0,2,12.218930514053,21,0,0,0,0,0,0
3112,15,0,0,3,16.4058592121835,16,1,2,0,1,0,0
3113,16,1,0,3,8.08219695485914,16,0,2,0,0,0,0
3114,15,0,0,0,4.43002101707705,15,0,2,0,1,0,0
3115,15,0,2,1,10.2404677821751,21,0,2,1,0,0,1
3116,16,1,0,2,10.9768351118694,1,0,0,0,0,0,0
3117,15,1,1,1,10.7665274401982,29,0,1,0,0,0,0
3118,18,1,3,1,11.3014758296021,7,0,1,0,0,0,1
3119,15,0,0,0,18.9740983647836,16,0,4,1,1,0,0
3120,18,1,0,2,18.0449124619246,12,0,0,0,1,0,0
3121,18,0,0,1,17.5143407311787,17,0,1,1,1,0,0
3122,18,0,1,0,16.0283362181725,23,0,4,1,0,0,0
3123,17,0,1,1,18.8685621453057,27,1,3,1,0,0,0
3124,15,1,0,3,1.96989283358806,21,0,2,1,0,0,0
3125,16,1,1,3,5.30246522891479,27,0,0,0,1,0,0
3126,16,1,2,2,9.90111891309169,9,0,3,0,0,0,0
3127,15,1,0,2,16.9306898624681,1,1,1,1,1,0,0
3128,17,1,0,4,10.1033142304546,1,0,3,1,1,0,0
3129,17,0,2,1,14.9606947868317,26,0,4,1,0,1,1
3130,18,0,1,1,2.77919810497832,13,0,2,1,1,0,1
3131,15,0,2,1,5.0482762595312,15,0,1,0,1,0,0
3132,15,0,1,1,14.6355219007534,6,0,3,0,1,1,0
3133,16,1,2,1,3.29468017775448,20,0,2,1,0,0,0
3134,15,1,0,3,7.02711869309853,20,1,2,1,1,0,0
3135,17,0,2,2,5.29732515627142,23,1,2,0,0,1,0
3136,15,1,3,2,6.99723388444956,11,1,3,0,0,1,0
3137,16,1,1,3,14.1664809815594,27,0,2,0,0,0,0
3138,18,0,0,0,7.35694362285602,22,1,4,0,0,0,0
3139,16,0,0,1,11.1052664521588,27,0,3,0,1,0,0
3140,16,1,0,2,1.99863754108819,13,0,1,1,0,0,0
3141,18,1,0,2,16.1003538646925,24,1,3,0,0,1,0
3142,16,0,0,0,7.39777251296249,3,0,1,1,0,0,0
3143,16,0,1,2,12.9706831806668,25,0,3,1,1,1,0
3144,15,0,1,2,14.5077920332366,3,0,1,1,1,0,0
3145,15,1,0,2,4.193218442234,17,0,2,1,0,0,0
3146,18,0,1,2,17.6934996990669,2,1,3,0,1,0,1
3147,15,0,0,1,12.324485032139,0,0,1,1,0,0,0
3148,15,1,0,0,8.57450283502963,16,0,3,0,0,0,0
3149,16,1,0,2,3.64670367156439,6,0,3,1,1,1,0
3150,17,1,1,1,18.8460187580241,29,1,2,0,1,0,0
3151,15,1,0,3,15.1013640826325,15,0,2,1,1,0,1
3152,17,1,0,2,4.16049125466497,29,0,4,0,0,1,0
3153,15,0,0,1,6.75421549448449,4,1,1,0,0,1,1
3154,15,0,2,2,16.1934851617614,18,0,3,0,0,1,0
3155,18,1,0,2,13.9135532643067,6,0,3,1,0,0,0
3156,18,1,1,1,15.3156858543144,13,1,4,0,0,0,0
3157,18,1,1,3,8.82402204425864,1,0,3,0,0,0,1
3158,17,1,2,3,14.3295252528433,2,1,2,1,0,0,1
3159,16,1,3,2,7.72987445727827,16,0,4,0,0,1,0
3160,15,0,0,0,4.22525833876392,15,1,3,0,0,0,0
3161,15,0,0,2,12.6535406968272,7,1,3,0,1,0,0
3162,15,0,2,2,19.5202785119758,17,0,0,0,0,0,0
3163,17,0,0,1,6.21201942790659,14,0,2,1,1,1,0
3164,18,1,1,1,9.21939184425079,6,1,3,0,0,1,0
3165,16,0,1,3,13.480027421397,26,0,2,1,0,0,0
3166,17,1,1,0,10.8301256424497,8,0,2,0,0,0,0
3167,18,1,3,2,16.8685559141809,5,0,1,1,0,0,0
3168,17,1,3,2,15.2348541293903,17,1,2,1,0,0,0
3169,16,0,2,2,1.16594407724714,17,1,1,1,1,0,1
3170,18,1,0,0,19.9684246784754,24,0,1,0,0,0,0
3171,17,0,2,3,15.0480490743893,25,0,2,0,0,0,0
3172,16,0,0,1,17.2780663258822,23,1,3,0,0,0,0
3173,15,1,0,2,13.0239542419069,13,1,2,1,1,0,0
3174,16,1,2,2,17.1257025609352,13,0,1,0,0,1,0
3175,15,1,0,2,2.24765949857418,13,1,1,1,1,1,0
3176,17,0,0,4,6.95475671118631,24,1,2,0,0,1,0
3177,18,1,0,2,17.5284188720898,3,0,3,0,0,1,0
3178,18,0,2,1,4.03310422533784,3,1,3,0,0,0,1
3179,17,1,1,4,1.56484197160045,14,0,1,0,1,0,0
3180,18,1,1,2,15.7623787989043,14,0,2,1,1,0,0
3181,18,0,0,1,16.7097231128659,17,0,3,0,0,0,0
3182,15,0,2,1,3.25304436379801,13,1,1,0,0,0,0
3183,17,0,2,3,17.0869196556543,25,1,2,0,0,0,0
3184,16,0,0,1,13.7353559119433,0,0,2,1,0,0,0
3185,15,0,0,2,10.4016536643316,9,0,1,0,0,0,1
3186,17,0,0,2,16.6050038556277,28,0,0,0,1,0,0
3187,15,1,3,1,8.38498498637931,19,1,2,1,1,0,0
3188,16,1,1,2,3.87987912446794,9,1,0,0,0,0,0
3189,16,0,3,0,5.69705353221227,9,0,1,0,1,0,0
3190,17,1,0,2,10.1032803658662,26,0,2,0,1,0,0
3191,16,0,2,2,10.6266158534635,23,0,0,1,0,0,0
3192,15,1,2,2,16.1116165288246,1,0,2,1,0,0,0
3193,16,1,1,2,15.8270544730466,28,0,1,1,1,0,0
3194,15,0,3,3,11.6273311440914,27,1,2,1,0,0,0
3195,15,0,0,2,15.6157096673095,26,0,3,1,0,0,0
3196,16,0,0,0,3.83546916587341,7,0,3,0,1,1,0
3197,17,1,1,1,1.00129054186588,0,0,2,0,0,0,0
3198,18,0,2,2,17.472676452694,0,0,0,0,1,0,0
3199,16,1,1,3,1.51108987525539,3,0,3,0,0,0,0
3200,15,0,0,3,4.93376859487994,6,0,1,1,0,0,0
3201,15,1,1,3,13.9063789924876,8,0,0,1,0,1,0
3202,16,1,0,1,8.18895875254618,15,1,3,0,0,0,0
3203,17,0,0,2,17.5262793983101,4,0,4,0,0,0,0
3204,17,1,1,2,5.95959589324539,1,1,2,1,0,0,0
3205,15,1,2,1,0.237426933387185,27,0,0,0,1,0,0
3206,15,0,0,0,6.01311281121488,22,0,3,0,0,0,0
3207,17,1,0,3,11.5615009836966,10,0,0,1,0,0,0
3208,18,0,0,1,7.51876750806586,17,1,3,0,0,0,0
3209,16,0,0,1,10.6974551151751,24,0,2,1,0,0,1
3210,15,0,2,0,17.5319623767003,24,0,2,1,0,0,0
3211,15,0,3,3,18.2497010846073,18,1,2,0,0,0,1
3212,17,1,0,2,5.31948129308224,12,0,4,0,1,0,0
3213,16,1,2,2,9.24280946539801,23,1,3,1,0,0,0
3214,17,1,2,3,10.982880304829,10,0,2,0,1,1,0
3215,16,0,2,1,18.9822491377649,19,0,3,0,0,0,0
3216,16,1,0,2,19.9723463832876,18,0,2,1,0,0,0
3217,16,1,3,0,4.70814497683053,16,1,3,0,0,0,0
3218,15,0,0,1,14.5395974269163,4,0,3,0,1,0,0
3219,18,0,0,3,7.5606212446639,12,0,0,0,0,0,0
3220,17,1,0,2,0.162163937724264,29,0,2,0,0,0,0
3221,18,0,0,1,0.185050448718047,26,0,4,0,0,0,0
3222,17,0,0,1,9.21132015124511,19,1,4,0,1,1,1
3223,16,0,0,2,9.76669826008669,0,0,0,0,1,0,0
3224,15,0,0,0,0.451393931468853,9,0,1,0,0,0,0
3225,18,1,2,1,13.738548335486,7,0,4,1,0,0,1
3226,15,0,2,1,5.88006777189906,23,0,2,1,1,0,0
3227,17,0,0,1,11.1978620307189,28,0,2,0,1,0,0
3228,15,0,2,3,6.01838146330837,7,0,1,0,0,0,0
3229,15,0,2,1,3.34268629738614,18,1,3,1,1,0,0
3230,18,0,2,1,8.1434747719775,5,1,1,1,0,0,1
3231,16,0,0,2,4.64546729581001,11,0,1,1,0,0,0
3232,15,0,1,3,10.6960195383833,27,1,1,1,0,0,0
3233,16,0,3,1,3.97657060572959,6,0,4,0,0,0,0
3234,17,1,1,0,10.1681195328925,15,0,3,0,0,1,0
3235,15,0,0,1,3.14757029737735,8,0,3,1,0,1,0
3236,18,1,1,2,13.4194941897157,20,0,2,1,0,0,0
3237,17,0,1,2,15.0787536888284,24,0,4,0,0,1,0
3238,17,0,1,3,2.20788468499867,21,1,3,0,0,0,0
3239,18,0,0,4,9.35604824074678,9,1,3,0,0,0,0
3240,15,0,0,2,1.41743401309747,9,0,4,0,1,0,0
3241,15,1,2,2,11.96364891084,9,0,2,0,0,0,0
3242,17,0,2,2,5.2880859585929,19,1,3,1,0,0,0
3243,15,0,0,0,10.5524891367741,28,0,4,1,0,0,0
3244,16,1,3,4,10.3492201876858,15,0,3,1,1,0,1
3245,18,1,0,1,18.487086923876,0,0,2,1,0,0,0
3246,16,0,1,1,10.9816644513744,16,0,0,0,0,0,0
3247,15,1,2,2,11.6599695943663,29,0,3,1,1,1,0
3248,17,1,2,1,8.0330625152876,25,1,2,1,0,1,0
3249,18,1,3,2,18.9815920636563,20,1,1,0,0,1,0
3250,15,0,0,2,15.5437181887921,28,0,3,1,0,1,0
3251,15,0,2,2,5.70810580605683,13,1,2,0,1,0,0
3252,17,0,0,3,16.8841917155246,18,0,2,1,0,0,0
3253,17,1,2,1,8.6479272037018,20,0,3,0,1,0,0
3254,16,0,2,2,16.5733428706718,20,1,2,0,0,1,0
3255,18,1,1,2,16.45776136587,16,0,0,0,1,0,1
3256,18,0,0,2,3.77740373525708,13,0,2,0,0,0,0
3257,17,0,2,2,14.0228226276715,7,0,0,0,0,0,0
3258,16,1,0,1,5.81285938613062,20,1,1,0,0,0,0
3259,18,0,0,2,5.94985339985336,20,1,0,0,0,0,0
3260,17,1,2,1,5.92696153761161,8,1,1,0,0,0,0
3261,15,1,0,3,14.5113649511989,7,0,2,0,1,0,1
3262,18,0,2,1,4.59652083585072,12,1,2,1,0,0,0
3263,16,1,0,2,0.0181167049218045,16,0,4,1,0,1,0
3264,16,0,0,0,14.3047370696526,18,1,2,1,0,0,0
3265,16,0,2,1,3.4236948767025,27,0,3,1,0,0,0
3266,15,1,1,2,2.08964790615669,6,0,2,0,1,1,0
3267,18,0,0,3,4.7503224118812,16,0,3,0,0,0,0
3268,18,1,2,2,7.59801044645407,0,1,3,0,0,0,0
3269,15,0,1,3,9.51812654946401,4,1,2,1,0,0,0
3270,18,0,1,2,0.891400814252616,24,0,1,1,0,0,0
3271,15,0,0,2,19.4114666525472,5,0,2,0,0,0,1
3272,15,0,2,1,14.3212610683911,25,1,3,0,0,0,0
3273,15,0,2,3,6.46388130648672,1,0,2,1,1,0,0
3274,16,1,2,1,6.37394514570794,26,1,3,0,1,0,0
3275,18,1,0,3,8.97085098736918,24,1,1,0,1,0,0
3276,15,1,2,3,12.5248964552606,15,0,0,1,1,0,0
3277,18,1,1,3,2.92746133177935,21,0,2,0,0,0,0
3278,16,1,1,2,3.77859627529904,4,0,3,1,0,0,1
3279,15,1,0,2,17.188691656671,4,0,2,0,1,0,0
3280,17,0,2,2,5.12509847778145,11,0,3,1,1,0,0
3281,16,0,2,1,7.60389995950355,2,1,1,1,0,1,0
3282,17,1,0,2,17.4254370190023,29,0,2,0,0,0,0
3283,18,1,0,0,13.2629565879964,15,0,3,1,0,0,0
3284,18,0,2,2,6.83423758683376,5,0,3,1,0,0,0
3285,16,0,0,1,13.6739909144924,14,0,1,1,0,0,0
3286,18,0,3,1,0.393664307628274,14,1,2,0,1,1,1
3287,17,1,1,1,14.7128532002273,28,0,3,0,0,0,0
3288,15,1,1,2,9.74032081032479,15,0,0,0,0,0,0
3289,15,1,0,2,16.2636429456892,19,1,3,1,0,1,0
3290,15,0,0,0,19.0927530401293,12,0,2,1,0,0,1
3291,16,0,3,2,18.5157709898913,11,0,1,0,0,0,0
3292,18,1,0,1,18.1853008691068,9,0,3,0,1,0,0
3293,17,1,2,2,10.2433991186777,13,1,1,1,1,0,1
3294,18,0,0,2,7.20284228277876,1,0,4,0,1,0,0
3295,18,0,0,2,9.30070649461345,28,1,3,0,0,0,0
3296,18,0,0,2,13.7979200662672,2,1,3,0,0,0,0
3297,15,0,1,1,17.6799555374237,8,0,0,0,1,0,0
3298,17,1,3,2,4.13972606000239,10,0,4,1,0,0,0
3299,17,0,0,2,18.363863169234,10,0,3,0,1,0,1
3300,18,0,0,2,16.3036046393977,24,0,1,0,1,0,1
3301,15,0,0,2,19.5771203035646,21,1,2,1,0,0,0
3302,15,1,1,0,17.6050354656337,9,0,1,0,0,0,0
3303,17,1,0,2,5.59874659383813,25,0,4,0,0,0,0
3304,15,0,2,2,2.11911822688095,13,1,3,1,0,0,0
3305,15,0,1,1,2.24482143983177,8,0,4,1,0,0,0
3306,15,0,1,0,5.82446637156552,19,0,3,0,1,0,0
3307,16,1,0,0,12.2836744796907,26,0,2,0,1,0,0
3308,18,1,3,3,16.0864065219434,20,0,1,0,0,1,0
3309,17,1,0,2,17.9850061396312,9,1,1,1,0,0,1
3310,17,0,0,1,12.4750676873846,21,0,1,0,0,0,0
3311,16,1,1,1,0.112626254961074,28,0,2,0,0,0,0
3312,18,0,1,2,3.72633553037067,8,0,4,0,0,0,1
3313,17,0,0,3,1.99452407706735,28,0,4,1,0,0,1
3314,15,0,0,0,7.2664895113802,4,0,1,0,0,0,0
3315,17,1,2,1,10.0270198726749,7,0,3,0,0,1,0
3316,15,0,0,3,0.867943571571216,10,1,2,0,0,0,0
3317,16,1,2,0,6.9695595159131,0,1,2,0,0,0,0
3318,15,1,1,1,3.58359349250645,20,0,3,1,0,0,0
3319,17,0,0,4,12.9414033251774,9,0,2,1,0,1,1
3320,17,0,0,2,9.2854473864868,0,0,4,1,0,1,1
3321,17,1,0,1,9.90635293867817,25,0,3,1,1,0,0
3322,16,0,2,0,8.55383576066922,29,0,3,0,1,0,0
3323,16,1,1,0,19.1203942097313,21,0,1,1,0,0,0
3324,18,0,0,1,4.29470250243126,6,0,1,0,0,0,0
3325,17,1,1,3,10.3332851968774,27,0,2,0,0,0,0
3326,15,1,3,2,14.7203473673067,13,1,3,1,0,0,1
3327,16,1,0,2,11.1368882626912,4,0,4,1,1,0,0
3328,17,1,3,3,18.580417714336,16,1,2,1,0,0,0
3329,17,0,0,2,7.55936711282568,21,0,3,1,0,0,0
3330,16,0,0,1,9.27351611546356,25,0,2,1,0,0,0
3331,18,1,0,2,1.77044630429456,20,1,1,0,1,0,1
3332,16,1,0,3,12.1799822210385,5,0,3,1,1,0,0
3333,16,0,0,3,5.76423936896212,15,1,3,1,0,0,0
3334,15,0,0,0,3.20618079031137,10,0,1,1,1,0,1
3335,15,0,3,2,10.8906258580901,9,0,2,1,0,0,0
3336,18,0,2,2,10.6462052675982,14,0,2,0,0,0,0
3337,17,0,2,3,1.51743282448095,6,0,1,1,0,0,0
3338,16,0,0,1,13.9643090698894,22,1,4,0,0,1,0
3339,18,1,0,2,12.475443813017,1,1,2,1,0,1,0
3340,15,0,0,3,3.78034565492994,11,1,1,0,1,0,0
3341,16,0,2,2,9.38869724308087,18,0,1,0,1,0,0
3342,17,1,3,2,14.4064583295712,11,0,4,0,0,0,0
3343,15,0,0,0,10.5887148108255,15,0,3,0,0,0,1
3344,15,0,0,1,7.9097815236714,5,0,3,0,0,0,0
3345,15,0,1,1,6.44676916161887,2,1,0,0,0,0,1
3346,18,0,0,3,12.207877332881,1,0,3,0,1,0,0
3347,17,0,0,1,18.7821739662048,19,0,2,0,0,1,0
3348,16,1,1,2,13.4348968095496,4,0,3,0,0,1,0
3349,18,0,2,2,1.49491807272631,10,1,4,0,0,1,0
3350,18,1,0,1,9.21369946964267,25,1,1,1,0,0,0
3351,18,1,0,2,17.8164826302125,24,0,2,0,0,1,0
3352,15,0,3,2,1.88924851602173,2,0,0,0,1,0,0
3353,17,1,0,3,19.7775142427508,2,0,2,0,1,0,1
3354,18,0,0,2,18.9813878729084,21,0,1,0,0,0,0
3355,16,1,0,2,1.56548961459751,4,1,4,1,1,0,0
3356,17,1,0,1,18.668266408991,21,0,2,0,1,1,0
3357,16,0,0,3,7.26265180518924,22,0,3,0,0,0,0
3358,17,0,2,1,16.8941833415172,10,0,3,0,0,0,1
3359,16,0,0,2,8.36766675426543,2,0,4,1,0,0,0
3360,15,0,0,1,8.81710225405031,12,1,2,1,0,1,0
3361,18,0,1,3,12.6848618195508,20,0,2,0,0,0,0
3362,16,1,1,2,15.4895483855196,7,0,0,0,0,0,0
3363,17,1,2,2,0.675783018964972,19,1,0,0,0,0,0
3364,18,1,2,1,11.8631199105426,9,0,3,1,0,0,0
3365,18,1,0,2,3.73465988194741,1,1,0,0,0,0,0
3366,17,1,2,2,6.91899035726405,3,0,2,0,0,0,0
3367,16,1,0,2,6.95937332310433,17,0,0,0,0,0,0
3368,15,1,3,1,9.38120680442307,18,0,3,0,0,1,0
3369,15,0,0,4,6.68272823752346,3,0,2,0,0,1,1
3370,16,0,3,3,2.14722236901335,19,0,1,0,0,0,1
3371,18,1,2,1,2.91257477050902,25,0,1,0,1,0,1
3372,18,1,0,3,0.668759711221953,8,0,2,0,0,0,1
3373,18,0,1,2,9.40498170657508,15,0,3,0,0,0,0
3374,18,0,3,2,19.0889538970597,25,0,2,0,0,0,0
3375,16,0,2,1,2.31350447296233,5,1,3,1,0,0,0
3376,18,0,0,2,18.9252898600616,24,0,1,1,0,1,1
3377,17,1,2,2,14.6672302946418,3,0,0,1,0,0,0
3378,18,0,0,2,12.7499760586832,8,1,0,1,1,0,0
3379,15,1,0,2,12.9055551064712,26,0,2,0,0,1,1
3380,18,1,0,2,16.5345529679256,12,0,3,0,0,0,0
3381,16,1,0,2,2.13839728759642,8,0,1,1,1,0,0
3382,15,0,2,0,10.0950864713108,5,0,3,0,0,0,0
3383,16,0,0,3,13.9418227652151,20,0,2,0,0,0,0
3384,16,1,2,2,11.7364089014712,18,1,4,0,0,0,0
3385,15,1,0,1,16.6555814204658,13,1,3,0,1,0,0
3386,16,1,0,1,1.44543418022702,20,0,3,1,1,0,0
3387,16,0,0,2,13.8140207899833,14,0,2,0,0,0,0
3388,18,1,0,3,10.6805546076943,2,0,4,1,0,0,0
3389,17,0,0,1,7.58321727959886,4,1,4,0,1,0,0
3390,16,1,0,2,6.80549964468061,20,0,2,0,0,0,1
3391,16,1,1,0,12.4166526554838,17,0,2,0,1,1,0
3392,16,1,0,2,17.8199074928852,13,0,2,0,0,0,1
